station_id,date,daily_validations,rolling_7d_avg
20026,2023-01-01,436.0,436.0
20026,2023-01-02,604.0,520.0
20026,2023-01-03,576.0,538.6666666666666
20026,2023-01-04,595.0,552.75
20026,2023-01-05,566.0,555.4
20026,2023-01-06,169.0,491.0
20026,2023-01-07,18.0,423.42857142857144
20026,2023-01-08,612.0,448.57142857142856
20026,2023-01-09,651.0,455.2857142857143
20026,2023-01-10,659.0,467.14285714285717
20026,2023-01-11,640.0,473.57142857142856
20026,2023-01-12,606.0,479.2857142857143
20026,2023-01-13,178.0,480.57142857142856
20026,2023-01-14,23.0,481.2857142857143
20026,2023-01-15,644.0,485.85714285714283
20026,2023-01-16,621.0,481.57142857142856
20026,2023-01-17,680.0,484.57142857142856
20026,2023-01-18,663.0,487.85714285714283
20026,2023-01-19,590.0,485.57142857142856
20026,2023-01-20,184.0,486.42857142857144
20026,2023-01-21,4.0,483.7142857142857
20026,2023-01-22,617.0,479.85714285714283
20026,2023-01-23,671.0,487.0
20026,2023-01-24,674.0,486.14285714285717
20026,2023-01-25,588.0,475.42857142857144
20026,2023-01-26,629.0,481.0
20026,2023-01-27,176.0,479.85714285714283
20026,2023-01-28,1.0,479.42857142857144
20026,2023-01-29,631.0,481.42857142857144
20026,2023-01-30,649.0,478.2857142857143
20026,2023-01-31,612.0,469.42857142857144
20026,2023-02-01,546.0,463.42857142857144
20026,2023-02-02,586.0,457.2857142857143
20026,2023-02-03,138.0,451.85714285714283
20026,2023-02-04,2.0,452.0
20026,2023-02-05,610.0,449.0
20026,2023-02-06,606.0,442.85714285714283
20026,2023-02-07,547.0,433.57142857142856
20026,2023-02-08,582.0,438.7142857142857
20026,2023-02-09,614.0,442.7142857142857
20026,2023-02-10,186.0,449.57142857142856
20026,2023-02-11,1.0,449.42857142857144
20026,2023-02-12,583.0,445.57142857142856
20026,2023-02-13,567.0,440.0
20026,2023-02-14,628.0,451.57142857142856
20026,2023-02-15,630.0,458.42857142857144
20026,2023-02-16,562.0,451.0
20026,2023-02-17,166.0,448.14285714285717
20026,2023-02-18,9.0,449.2857142857143
20026,2023-02-19,591.0,450.42857142857144
20026,2023-02-20,622.0,458.2857142857143
20026,2023-02-21,594.0,453.42857142857144
20026,2023-02-22,623.0,452.42857142857144
20026,2023-02-23,622.0,461.0
20026,2023-02-24,246.0,472.42857142857144
20026,2023-02-25,0.0,471.14285714285717
20026,2023-02-26,587.0,470.57142857142856
20026,2023-02-27,633.0,472.14285714285717
20026,2023-02-28,648.0,479.85714285714283
20026,2023-03-01,456.0,456.0
20026,2023-03-02,555.0,446.42857142857144
20026,2023-03-03,127.0,429.42857142857144
20026,2023-03-04,0.0,429.42857142857144
20026,2023-03-05,492.0,415.85714285714283
20026,2023-03-06,531.0,401.2857142857143
20026,2023-03-07,433.0,370.57142857142856
20026,2023-03-08,516.0,379.14285714285717
20026,2023-03-09,277.0,339.42857142857144
20026,2023-03-10,147.0,342.2857142857143
20026,2023-03-11,0.0,342.2857142857143
20026,2023-03-12,583.0,355.2857142857143
20026,2023-03-13,644.0,371.42857142857144
20026,2023-03-14,587.0,393.42857142857144
20026,2023-03-15,611.0,407.0
20026,2023-03-16,300.0,410.2857142857143
20026,2023-03-17,147.0,410.2857142857143
20026,2023-03-18,0.0,410.2857142857143
20026,2023-03-19,546.0,405.0
20026,2023-03-20,580.0,395.85714285714283
20026,2023-03-21,601.0,397.85714285714283
20026,2023-03-22,580.0,393.42857142857144
20026,2023-03-23,169.0,374.7142857142857
20026,2023-03-24,162.0,376.85714285714283
20026,2023-03-25,0.0,376.85714285714283
20026,2023-03-26,546.0,376.85714285714283
20026,2023-03-27,288.0,335.14285714285717
20026,2023-03-28,534.0,325.57142857142856
20026,2023-03-29,500.0,314.14285714285717
20026,2023-03-30,563.0,370.42857142857144
20026,2023-03-31,169.0,371.42857142857144
20026,2023-04-01,0.0,371.42857142857144
20026,2023-04-02,499.0,364.7142857142857
20026,2023-04-03,586.0,407.2857142857143
20026,2023-04-04,451.0,395.42857142857144
20026,2023-04-05,170.0,348.2857142857143
20026,2023-04-06,12.0,269.57142857142856
20026,2023-04-07,124.0,263.14285714285717
20026,2023-04-08,4.0,263.7142857142857
20026,2023-04-09,303.0,235.71428571428572
20026,2023-04-10,334.0,199.71428571428572
20026,2023-04-11,150.0,156.71428571428572
20026,2023-04-12,14.0,134.42857142857142
20026,2023-04-13,415.0,192.0
20026,2023-04-14,185.0,200.71428571428572
20026,2023-04-15,0.0,200.14285714285714
20026,2023-04-16,544.0,234.57142857142858
20026,2023-04-17,609.0,273.85714285714283
20026,2023-04-18,607.0,339.14285714285717
20026,2023-04-19,618.0,425.42857142857144
20026,2023-04-20,513.0,439.42857142857144
20026,2023-04-21,151.0,434.57142857142856
20026,2023-04-22,4.0,435.14285714285717
20026,2023-04-23,542.0,434.85714285714283
20026,2023-04-24,585.0,431.42857142857144
20026,2023-04-25,282.0,385.0
20026,2023-04-26,91.0,309.7142857142857
20026,2023-04-27,549.0,314.85714285714283
20026,2023-04-28,202.0,322.14285714285717
20026,2023-04-29,1.0,321.7142857142857
20026,2023-04-30,551.0,323.0
20026,2023-05-01,637.0,330.42857142857144
20026,2023-05-02,660.0,384.42857142857144
20026,2023-05-03,565.0,452.14285714285717
20026,2023-05-04,472.0,441.14285714285717
20026,2023-05-05,160.0,435.14285714285717
20026,2023-05-06,3.0,435.42857142857144
20026,2023-05-07,592.0,441.2857142857143
20026,2023-05-08,661.0,444.7142857142857
20026,2023-05-09,618.0,438.7142857142857
20026,2023-05-10,545.0,435.85714285714283
20026,2023-05-11,524.0,443.2857142857143
20026,2023-05-12,158.0,443.0
20026,2023-05-13,9.0,443.85714285714283
20026,2023-05-14,589.0,443.42857142857144
20026,2023-05-15,605.0,435.42857142857144
20026,2023-05-16,640.0,438.57142857142856
20026,2023-05-17,584.0,444.14285714285717
20026,2023-05-18,530.0,445.0
20026,2023-05-19,182.0,448.42857142857144
20026,2023-05-20,2.0,447.42857142857144
20026,2023-05-21,551.0,442.0
20026,2023-05-22,634.0,446.14285714285717
20026,2023-05-23,591.0,439.14285714285717
20026,2023-05-24,604.0,442.0
20026,2023-05-25,222.0,398.0
20026,2023-05-26,0.0,372.0
20026,2023-05-27,6.0,372.57142857142856
20026,2023-05-28,611.0,381.14285714285717
20026,2023-05-29,598.0,376.0
20026,2023-05-30,599.0,377.14285714285717
20026,2023-05-31,605.0,377.2857142857143
20026,2023-06-01,541.0,422.85714285714283
20026,2023-06-02,200.0,451.42857142857144
20026,2023-06-03,0.0,450.57142857142856
20026,2023-06-04,548.0,441.57142857142856
20026,2023-06-05,598.0,441.57142857142856
20026,2023-06-06,620.0,444.57142857142856
20026,2023-06-07,585.0,441.7142857142857
20026,2023-06-08,519.0,438.57142857142856
20026,2023-06-09,202.0,438.85714285714283
20026,2023-06-10,0.0,438.85714285714283
20026,2023-06-11,561.0,440.7142857142857
20026,2023-06-12,591.0,439.7142857142857
20026,2023-06-13,599.0,436.7142857142857
20026,2023-06-14,573.0,435.0
20026,2023-06-15,574.0,442.85714285714283
20026,2023-06-16,195.0,441.85714285714283
20026,2023-06-17,10.0,443.2857142857143
20026,2023-06-18,537.0,439.85714285714283
20026,2023-06-19,615.0,443.2857142857143
20026,2023-06-20,579.0,440.42857142857144
20026,2023-06-21,583.0,441.85714285714283
20026,2023-06-22,574.0,441.85714285714283
20026,2023-06-23,182.0,440.0
20026,2023-06-24,0.0,438.57142857142856
20026,2023-06-25,589.0,446.0
20026,2023-06-26,634.0,448.7142857142857
20026,2023-06-27,590.0,450.2857142857143
20026,2023-06-28,494.0,437.57142857142856
20026,2023-06-29,470.0,422.7142857142857
20026,2023-06-30,155.0,418.85714285714283
20026,2023-07-01,0.0,418.85714285714283
20026,2023-07-02,309.0,378.85714285714283
20026,2023-07-03,562.0,368.57142857142856
20026,2023-07-04,549.0,362.7142857142857
20026,2023-07-05,533.0,368.2857142857143
20026,2023-07-06,530.0,376.85714285714283
20026,2023-07-07,200.0,383.2857142857143
20026,2023-07-08,0.0,383.2857142857143
20026,2023-07-09,529.0,414.7142857142857
20026,2023-07-10,623.0,423.42857142857144
20026,2023-07-11,340.0,393.57142857142856
20026,2023-07-12,586.0,401.14285714285717
20026,2023-07-13,525.0,400.42857142857144
20026,2023-07-14,195.0,399.7142857142857
20026,2023-07-15,0.0,399.7142857142857
20026,2023-07-16,540.0,401.2857142857143
20026,2023-07-17,615.0,400.14285714285717
20026,2023-07-18,139.0,371.42857142857144
20026,2023-07-19,636.0,378.57142857142856
20026,2023-07-20,548.0,381.85714285714283
20026,2023-07-21,181.0,379.85714285714283
20026,2023-07-22,0.0,379.85714285714283
20026,2023-07-23,334.0,350.42857142857144
20026,2023-07-24,371.0,315.57142857142856
20026,2023-07-25,537.0,372.42857142857144
20026,2023-07-26,589.0,365.7142857142857
20026,2023-07-27,354.0,338.0
20026,2023-07-28,154.0,334.14285714285717
20026,2023-07-29,0.0,334.14285714285717
20026,2023-07-30,615.0,374.2857142857143
20026,2023-07-31,609.0,408.2857142857143
20026,2023-08-01,641.0,423.14285714285717
20026,2023-08-02,576.0,421.2857142857143
20026,2023-08-03,534.0,447.0
20026,2023-08-04,174.0,449.85714285714283
20026,2023-08-05,3.0,450.2857142857143
20026,2023-08-06,553.0,441.42857142857144
20026,2023-08-07,632.0,444.7142857142857
20026,2023-08-08,526.0,428.2857142857143
20026,2023-08-09,587.0,429.85714285714283
20026,2023-08-10,474.0,421.2857142857143
20026,2023-08-11,159.0,419.14285714285717
20026,2023-08-12,0.0,418.7142857142857
20026,2023-08-13,562.0,420.0
20026,2023-08-14,650.0,422.57142857142856
20026,2023-08-15,658.0,441.42857142857144
20026,2023-08-16,614.0,445.2857142857143
20026,2023-08-17,530.0,453.2857142857143
20026,2023-08-18,159.0,453.2857142857143
20026,2023-08-19,1.0,453.42857142857144
20026,2023-08-20,508.0,445.7142857142857
20026,2023-08-21,405.0,410.7142857142857
20026,2023-08-22,545.0,394.57142857142856
20026,2023-08-23,512.0,380.0
20026,2023-08-24,496.0,375.14285714285717
20026,2023-08-25,191.0,379.7142857142857
20026,2023-08-26,0.0,379.57142857142856
20026,2023-08-27,547.0,385.14285714285717
20026,2023-08-28,606.0,413.85714285714283
20026,2023-08-29,596.0,421.14285714285717
20026,2023-08-30,507.0,420.42857142857144
20026,2023-08-31,526.0,424.7142857142857
20026,2023-09-01,181.0,423.2857142857143
20026,2023-09-02,1.0,423.42857142857144
20026,2023-09-03,592.0,429.85714285714283
20026,2023-09-04,596.0,428.42857142857144
20026,2023-09-05,605.0,429.7142857142857
20026,2023-09-06,594.0,442.14285714285717
20026,2023-09-07,557.0,446.57142857142856
20026,2023-09-08,178.0,446.14285714285717
20026,2023-09-09,0.0,446.0
20026,2023-09-10,591.0,445.85714285714283
20026,2023-09-11,641.0,452.2857142857143
20026,2023-09-12,578.0,448.42857142857144
20026,2023-09-13,578.0,446.14285714285717
20026,2023-09-14,535.0,443.0
20026,2023-09-15,187.0,444.2857142857143
20026,2023-09-16,0.0,444.2857142857143
20026,2023-09-17,15.0,362.0
20026,2023-09-18,554.0,349.57142857142856
20026,2023-09-19,605.0,353.42857142857144
20026,2023-09-20,547.0,349.0
20026,2023-09-21,498.0,343.7142857142857
20026,2023-09-22,160.0,339.85714285714283
20026,2023-09-23,0.0,339.85714285714283
20026,2023-09-24,101.0,352.14285714285717
20026,2023-09-25,12.0,274.7142857142857
20026,2023-09-26,571.0,269.85714285714283
20026,2023-09-27,569.0,273.0
20026,2023-09-28,546.0,279.85714285714283
20026,2023-09-29,158.0,279.57142857142856
20026,2023-09-30,0.0,279.57142857142856
20026,2023-10-01,426.0,326.0
20026,2023-10-02,463.0,390.42857142857144
20026,2023-10-03,444.0,372.2857142857143
20026,2023-10-04,472.0,358.42857142857144
20026,2023-10-05,428.0,341.57142857142856
20026,2023-10-06,147.0,340.0
20026,2023-10-07,3.0,340.42857142857144
20026,2023-10-08,103.0,294.2857142857143
20026,2023-10-09,159.0,250.85714285714286
20026,2023-10-10,140.0,207.42857142857142
20026,2023-10-11,182.0,166.0
20026,2023-10-12,192.0,132.28571428571428
20026,2023-10-13,64.0,120.42857142857143
20026,2023-10-14,0.0,120.0
20026,2023-10-15,76.0,116.14285714285714
20026,2023-10-16,228.0,126.0
20026,2023-10-17,221.0,137.57142857142858
20026,2023-10-18,162.0,134.71428571428572
20026,2023-10-19,250.0,143.0
20026,2023-10-20,114.0,150.14285714285714
20026,2023-10-21,3.0,150.57142857142858
20026,2023-10-22,253.0,175.85714285714286
20026,2023-10-23,309.0,187.42857142857142
20026,2023-10-24,297.0,198.28571428571428
20026,2023-10-25,319.0,220.71428571428572
20026,2023-10-26,287.0,226.0
20026,2023-10-27,97.0,223.57142857142858
20026,2023-10-28,7.0,224.14285714285714
20026,2023-10-29,293.0,229.85714285714286
20026,2023-10-30,331.0,233.0
20026,2023-10-31,310.0,234.85714285714286
20026,2023-11-01,307.0,233.14285714285714
20026,2023-11-02,324.0,238.42857142857142
20026,2023-11-03,102.0,239.14285714285714
20026,2023-11-04,11.0,239.71428571428572
20026,2023-11-05,331.0,245.14285714285714
20026,2023-11-06,381.0,252.28571428571428
20026,2023-11-07,360.0,259.42857142857144
20026,2023-11-08,365.0,267.7142857142857
20026,2023-11-09,319.0,267.0
20026,2023-11-10,133.0,271.42857142857144
20026,2023-11-11,3.0,270.2857142857143
20026,2023-11-12,374.0,276.42857142857144
20026,2023-11-13,419.0,281.85714285714283
20026,2023-11-14,363.0,282.2857142857143
20026,2023-11-15,405.0,288.0
20026,2023-11-16,371.0,295.42857142857144
20026,2023-11-17,142.0,296.7142857142857
20026,2023-11-18,6.0,297.14285714285717
20026,2023-11-19,325.0,290.14285714285717
20026,2023-11-20,396.0,286.85714285714283
20026,2023-11-21,367.0,287.42857142857144
20026,2023-11-22,415.0,288.85714285714283
20026,2023-11-23,352.0,286.14285714285717
20026,2023-11-24,140.0,285.85714285714283
20026,2023-11-25,9.0,286.2857142857143
20026,2023-11-26,400.0,297.0
20026,2023-11-27,487.0,310.0
20026,2023-11-28,351.0,307.7142857142857
20026,2023-11-29,407.0,306.57142857142856
20026,2023-11-30,382.0,310.85714285714283
20026,2023-12-01,109.0,306.42857142857144
20026,2023-12-02,10.0,306.57142857142856
20026,2023-12-03,369.0,302.14285714285717
20026,2023-12-04,456.0,297.7142857142857
20026,2023-12-05,455.0,312.57142857142856
20026,2023-12-06,427.0,315.42857142857144
20026,2023-12-07,417.0,320.42857142857144
20026,2023-12-08,124.0,322.57142857142856
20026,2023-12-09,10.0,322.57142857142856
20026,2023-12-10,396.0,326.42857142857144
20026,2023-12-11,444.0,324.7142857142857
20026,2023-12-12,412.0,318.57142857142856
20026,2023-12-13,381.0,312.0
20026,2023-12-14,363.0,304.2857142857143
20026,2023-12-15,149.0,307.85714285714283
20026,2023-12-16,22.0,309.57142857142856
20026,2023-12-17,429.0,314.2857142857143
20026,2023-12-18,452.0,315.42857142857144
20026,2023-12-19,434.0,318.57142857142856
20026,2023-12-20,487.0,333.7142857142857
20026,2023-12-21,437.0,344.2857142857143
20026,2023-12-22,129.0,341.42857142857144
20026,2023-12-23,11.0,339.85714285714283
20026,2023-12-24,255.0,315.0
20026,2023-12-25,268.0,288.7142857142857
20026,2023-12-26,274.0,265.85714285714283
20026,2023-12-27,169.0,220.42857142857142
20026,2023-12-28,51.0,165.28571428571428
20026,2023-12-29,0.0,146.85714285714286
20026,2023-12-30,0.0,145.28571428571428
20026,2023-12-31,0.0,108.85714285714286
17038,2023-01-01,19451.0,19451.0
17038,2023-01-02,22261.0,20856.0
17038,2023-01-03,20513.0,20741.666666666668
17038,2023-01-04,22048.0,21068.25
17038,2023-01-05,23471.0,21548.8
17038,2023-01-06,1629.0,18228.833333333332
17038,2023-01-07,495.0,15695.42857142857
17038,2023-01-08,21279.0,15956.57142857143
17038,2023-01-09,21921.0,15908.0
17038,2023-01-10,21746.0,16084.142857142857
17038,2023-01-11,22934.0,16210.714285714286
17038,2023-01-12,22725.0,16104.142857142857
17038,2023-01-13,2362.0,16208.857142857143
17038,2023-01-14,506.0,16210.42857142857
17038,2023-01-15,20977.0,16167.285714285714
17038,2023-01-16,22117.0,16195.285714285714
17038,2023-01-17,21346.0,16138.142857142857
17038,2023-01-18,21625.0,15951.142857142857
17038,2023-01-19,21986.0,15845.57142857143
17038,2023-01-20,2235.0,15827.42857142857
17038,2023-01-21,1284.0,15938.57142857143
17038,2023-01-22,21362.0,15993.57142857143
17038,2023-01-23,21710.0,15935.42857142857
17038,2023-01-24,21172.0,15910.57142857143
17038,2023-01-25,20711.0,15780.0
17038,2023-01-26,22061.0,15790.714285714286
17038,2023-01-27,2205.0,15786.42857142857
17038,2023-01-28,861.0,15726.0
17038,2023-01-29,21093.0,15687.57142857143
17038,2023-01-30,21214.0,15616.714285714286
17038,2023-01-31,18607.0,15250.285714285714
17038,2023-02-01,18644.0,14955.0
17038,2023-02-02,21104.0,14818.285714285714
17038,2023-02-03,1996.0,14788.42857142857
17038,2023-02-04,461.0,14731.285714285714
17038,2023-02-05,20203.0,14604.142857142857
17038,2023-02-06,18954.0,14281.285714285714
17038,2023-02-07,16040.0,13914.57142857143
17038,2023-02-08,18619.0,13911.0
17038,2023-02-09,20854.0,13875.285714285714
17038,2023-02-10,2441.0,13938.857142857143
17038,2023-02-11,1196.0,14043.857142857143
17038,2023-02-12,20459.0,14080.42857142857
17038,2023-02-13,23972.0,14797.285714285714
17038,2023-02-14,20613.0,15450.57142857143
17038,2023-02-15,20810.0,15763.57142857143
17038,2023-02-16,21107.0,15799.714285714286
17038,2023-02-17,3270.0,15918.142857142857
17038,2023-02-18,869.0,15871.42857142857
17038,2023-02-19,20908.0,15935.57142857143
17038,2023-02-20,22975.0,15793.142857142857
17038,2023-02-21,21425.0,15909.142857142857
17038,2023-02-22,21339.0,15984.714285714286
17038,2023-02-23,21285.0,16010.142857142857
17038,2023-02-24,4750.0,16221.57142857143
17038,2023-02-25,1231.0,16273.285714285714
17038,2023-02-26,21010.0,16287.857142857143
17038,2023-02-27,21973.0,16144.714285714286
17038,2023-02-28,21755.0,16191.857142857143
17038,2023-03-01,23216.0,16460.0
17038,2023-03-02,22648.0,16654.714285714286
17038,2023-03-03,3418.0,16464.428571428572
17038,2023-03-04,1068.0,16441.14285714286
17038,2023-03-05,21594.0,16524.571428571428
17038,2023-03-06,20584.0,16326.142857142857
17038,2023-03-07,15687.0,15459.285714285714
17038,2023-03-08,22639.0,15376.857142857143
17038,2023-03-09,24058.0,15578.285714285714
17038,2023-03-10,3533.0,15594.714285714286
17038,2023-03-11,943.0,15576.857142857143
17038,2023-03-12,22409.0,15693.285714285714
17038,2023-03-13,23061.0,16047.142857142857
17038,2023-03-14,21105.0,16821.14285714286
17038,2023-03-15,21980.0,16727.0
17038,2023-03-16,26174.0,17029.285714285714
17038,2023-03-17,3526.0,17028.285714285714
17038,2023-03-18,896.0,17021.571428571428
17038,2023-03-19,21367.0,16872.714285714286
17038,2023-03-20,21769.0,16688.14285714286
17038,2023-03-21,22248.0,16851.428571428572
17038,2023-03-22,23169.0,17021.285714285714
17038,2023-03-23,24531.0,16786.571428571428
17038,2023-03-24,3212.0,16741.714285714286
17038,2023-03-25,928.0,16746.285714285714
17038,2023-03-26,22536.0,16913.285714285714
17038,2023-03-27,28772.0,17913.714285714286
17038,2023-03-28,21225.0,17767.571428571428
17038,2023-03-29,22285.0,17641.285714285714
17038,2023-03-30,23732.0,17527.14285714286
17038,2023-03-31,3820.0,17614.0
17038,2023-04-01,595.0,17566.428571428572
17038,2023-04-02,21436.0,17409.285714285714
17038,2023-04-03,21275.0,16338.285714285714
17038,2023-04-04,19741.0,16126.285714285714
17038,2023-04-05,5535.0,13733.42857142857
17038,2023-04-06,366.0,10395.42857142857
17038,2023-04-07,2385.0,10190.42857142857
17038,2023-04-08,515.0,10179.0
17038,2023-04-09,13033.0,8978.57142857143
17038,2023-04-10,14374.0,7992.714285714285
17038,2023-04-11,4662.0,5838.571428571428
17038,2023-04-12,315.0,5092.857142857143
17038,2023-04-13,16612.0,7413.714285714285
17038,2023-04-14,2911.0,7488.857142857143
17038,2023-04-15,724.0,7518.714285714285
17038,2023-04-16,22326.0,8846.285714285714
17038,2023-04-17,23177.0,10103.857142857143
17038,2023-04-18,21622.0,12526.714285714286
17038,2023-04-19,23019.0,15770.142857142857
17038,2023-04-20,23254.0,16719.0
17038,2023-04-21,3961.0,16869.0
17038,2023-04-22,815.0,16882.0
17038,2023-04-23,23103.0,16993.0
17038,2023-04-24,24439.0,17173.285714285714
17038,2023-04-25,13000.0,15941.57142857143
17038,2023-04-26,7406.0,13711.142857142857
17038,2023-04-27,23632.0,13765.142857142857
17038,2023-04-28,3490.0,13697.857142857143
17038,2023-04-29,1014.0,13726.285714285714
17038,2023-04-30,22393.0,13624.857142857143
17038,2023-05-01,23308.0,13463.285714285714
17038,2023-05-02,22538.0,14825.857142857143
17038,2023-05-03,24111.0,17212.285714285714
17038,2023-05-04,23991.0,17263.571428571428
17038,2023-05-05,4229.0,17369.14285714286
17038,2023-05-06,919.0,17355.571428571428
17038,2023-05-07,22324.0,17345.714285714286
17038,2023-05-08,23582.0,17384.85714285714
17038,2023-05-09,20091.0,17035.285714285714
17038,2023-05-10,18730.0,16266.57142857143
17038,2023-05-11,19007.0,15554.57142857143
17038,2023-05-12,3492.0,15449.285714285714
17038,2023-05-13,427.0,15379.0
17038,2023-05-14,21424.0,15250.42857142857
17038,2023-05-15,22872.0,15149.0
17038,2023-05-16,22831.0,15540.42857142857
17038,2023-05-17,23391.0,16206.285714285714
17038,2023-05-18,23423.0,16837.14285714286
17038,2023-05-19,4062.0,16918.571428571428
17038,2023-05-20,744.0,16963.85714285714
17038,2023-05-21,23109.0,17204.571428571428
17038,2023-05-22,23415.0,17282.14285714286
17038,2023-05-23,23183.0,17332.428571428572
17038,2023-05-24,24649.0,17512.14285714286
17038,2023-05-25,6968.0,15161.42857142857
17038,2023-05-26,0.0,14581.142857142857
17038,2023-05-27,993.0,14616.714285714286
17038,2023-05-28,22430.0,14519.714285714286
17038,2023-05-29,23404.0,14518.142857142857
17038,2023-05-30,30912.0,15622.285714285714
17038,2023-05-31,22915.0,15374.57142857143
17038,2023-06-01,23809.0,17780.428571428572
17038,2023-06-02,3082.0,18220.714285714286
17038,2023-06-03,303.0,18122.14285714286
17038,2023-06-04,22608.0,18147.571428571428
17038,2023-06-05,23680.0,18187.0
17038,2023-06-06,23187.0,17083.428571428572
17038,2023-06-07,22925.0,17084.85714285714
17038,2023-06-08,23515.0,17042.85714285714
17038,2023-06-09,4706.0,17274.85714285714
17038,2023-06-10,545.0,17309.428571428572
17038,2023-06-11,22938.0,17356.571428571428
17038,2023-06-12,24639.0,17493.571428571428
17038,2023-06-13,23149.0,17488.14285714286
17038,2023-06-14,23648.0,17591.428571428572
17038,2023-06-15,23522.0,17592.428571428572
17038,2023-06-16,3820.0,17465.85714285714
17038,2023-06-17,399.0,17445.0
17038,2023-06-18,22846.0,17431.85714285714
17038,2023-06-19,22711.0,17156.428571428572
17038,2023-06-20,23090.0,17148.0
17038,2023-06-21,23463.0,17121.571428571428
17038,2023-06-22,23426.0,17107.85714285714
17038,2023-06-23,4239.0,17167.714285714286
17038,2023-06-24,444.0,17174.14285714286
17038,2023-06-25,22844.0,17173.85714285714
17038,2023-06-26,23163.0,17238.428571428572
17038,2023-06-27,22036.0,17087.85714285714
17038,2023-06-28,22647.0,16971.285714285714
17038,2023-06-29,22374.0,16821.0
17038,2023-06-30,4296.0,16829.14285714286
17038,2023-07-01,583.0,16849.0
17038,2023-07-02,15006.0,15729.285714285714
17038,2023-07-03,24649.0,15941.57142857143
17038,2023-07-04,22744.0,16042.714285714286
17038,2023-07-05,23643.0,16185.0
17038,2023-07-06,21745.0,16095.142857142857
17038,2023-07-07,4082.0,16064.57142857143
17038,2023-07-08,443.0,16044.57142857143
17038,2023-07-09,22200.0,17072.285714285714
17038,2023-07-10,24138.0,16999.285714285714
17038,2023-07-11,24437.0,17241.14285714286
17038,2023-07-12,23988.0,17290.428571428572
17038,2023-07-13,23238.0,17503.714285714286
17038,2023-07-14,3913.0,17479.571428571428
17038,2023-07-15,515.0,17489.85714285714
17038,2023-07-16,22180.0,17487.0
17038,2023-07-17,20242.0,16930.428571428572
17038,2023-07-18,23038.0,16730.571428571428
17038,2023-07-19,23597.0,16674.714285714286
17038,2023-07-20,23746.0,16747.285714285714
17038,2023-07-21,4278.0,16799.428571428572
17038,2023-07-22,109.0,16741.428571428572
17038,2023-07-23,29899.0,17844.14285714286
17038,2023-07-24,25355.0,18574.571428571428
17038,2023-07-25,21574.0,18365.428571428572
17038,2023-07-26,20784.0,17963.571428571428
17038,2023-07-27,15491.0,16784.285714285714
17038,2023-07-28,3668.0,16697.14285714286
17038,2023-07-29,2.0,16681.85714285714
17038,2023-07-30,21233.0,15443.857142857143
17038,2023-07-31,22659.0,15058.714285714286
17038,2023-08-01,21833.0,15095.714285714286
17038,2023-08-02,22574.0,15351.42857142857
17038,2023-08-03,21992.0,16280.142857142857
17038,2023-08-04,3327.0,16231.42857142857
17038,2023-08-05,3.0,16231.57142857143
17038,2023-08-06,21361.0,16249.857142857143
17038,2023-08-07,21825.0,16130.714285714286
17038,2023-08-08,21712.0,16113.42857142857
17038,2023-08-09,23187.0,16201.0
17038,2023-08-10,23474.0,16412.714285714286
17038,2023-08-11,4509.0,16581.571428571428
17038,2023-08-12,321.0,16627.0
17038,2023-08-13,21421.0,16635.571428571428
17038,2023-08-14,22122.0,16678.0
17038,2023-08-15,22546.0,16797.14285714286
17038,2023-08-16,21871.0,16609.14285714286
17038,2023-08-17,21940.0,16390.0
17038,2023-08-18,3832.0,16293.285714285714
17038,2023-08-19,479.0,16315.857142857143
17038,2023-08-20,21128.0,16274.0
17038,2023-08-21,25875.0,16810.14285714286
17038,2023-08-22,21677.0,16686.0
17038,2023-08-23,24661.0,17084.571428571428
17038,2023-08-24,22722.0,17196.285714285714
17038,2023-08-25,5013.0,17365.0
17038,2023-08-26,433.0,17358.428571428572
17038,2023-08-27,23273.0,17664.85714285714
17038,2023-08-28,23369.0,17306.85714285714
17038,2023-08-29,22951.0,17488.85714285714
17038,2023-08-30,23869.0,17375.714285714286
17038,2023-08-31,22105.0,17287.571428571428
17038,2023-09-01,4421.0,17203.0
17038,2023-09-02,434.0,17203.14285714286
17038,2023-09-03,22246.0,17056.428571428572
17038,2023-09-04,23521.0,17078.14285714286
17038,2023-09-05,22295.0,16984.428571428572
17038,2023-09-06,23592.0,16944.85714285714
17038,2023-09-07,24760.0,17324.14285714286
17038,2023-09-08,4727.0,17367.85714285714
17038,2023-09-09,367.0,17358.285714285714
17038,2023-09-10,23699.0,17565.85714285714
17038,2023-09-11,24978.0,17774.0
17038,2023-09-12,22456.0,17797.0
17038,2023-09-13,23332.0,17759.85714285714
17038,2023-09-14,23351.0,17558.571428571428
17038,2023-09-15,5322.0,17643.571428571428
17038,2023-09-16,5.0,17591.85714285714
17038,2023-09-17,526.0,14281.42857142857
17038,2023-09-18,23514.0,14072.285714285714
17038,2023-09-19,22986.0,14148.0
17038,2023-09-20,23285.0,14141.285714285714
17038,2023-09-21,24173.0,14258.714285714286
17038,2023-09-22,5010.0,14214.142857142857
17038,2023-09-23,534.0,14289.714285714286
17038,2023-09-24,2749.0,14607.285714285714
17038,2023-09-25,1.0,11248.285714285714
17038,2023-09-26,19292.0,10720.57142857143
17038,2023-09-27,22691.0,10635.714285714286
17038,2023-09-28,22761.0,10434.0
17038,2023-09-29,4936.0,10423.42857142857
17038,2023-09-30,375.0,10400.714285714286
17038,2023-10-01,16058.0,12302.0
17038,2023-10-02,17836.0,14849.857142857143
17038,2023-10-03,18287.0,14706.285714285714
17038,2023-10-04,19606.0,14265.57142857143
17038,2023-10-05,17870.0,13566.857142857143
17038,2023-10-06,4244.0,13468.0
17038,2023-10-07,337.0,13462.57142857143
17038,2023-10-08,4068.0,11749.714285714286
17038,2023-10-09,3754.0,9738.0
17038,2023-10-10,3804.0,7669.0
17038,2023-10-11,3874.0,5421.571428571428
17038,2023-10-12,4250.0,3475.8571428571427
17038,2023-10-13,1095.0,3026.0
17038,2023-10-14,134.0,2997.0
17038,2023-10-15,5089.0,3142.8571428571427
17038,2023-10-16,5386.0,3376.0
17038,2023-10-17,5519.0,3621.0
17038,2023-10-18,6647.0,4017.1428571428573
17038,2023-10-19,6573.0,4349.0
17038,2023-10-20,1911.0,4465.571428571428
17038,2023-10-21,169.0,4470.571428571428
17038,2023-10-22,7271.0,4782.285714285715
17038,2023-10-23,7472.0,5080.285714285715
17038,2023-10-24,7604.0,5378.142857142857
17038,2023-10-25,8140.0,5591.428571428572
17038,2023-10-26,8922.0,5927.0
17038,2023-10-27,2308.0,5983.714285714285
17038,2023-10-28,211.0,5989.714285714285
17038,2023-10-29,8870.0,6218.142857142857
17038,2023-10-30,8797.0,6407.428571428572
17038,2023-10-31,8828.0,6582.285714285715
17038,2023-11-01,9106.0,6720.285714285715
17038,2023-11-02,10028.0,6878.285714285715
17038,2023-11-03,2306.0,6878.0
17038,2023-11-04,333.0,6895.428571428572
17038,2023-11-05,10308.0,7100.857142857143
17038,2023-11-06,10747.0,7379.428571428572
17038,2023-11-07,10859.0,7669.571428571428
17038,2023-11-08,11202.0,7969.0
17038,2023-11-09,11940.0,8242.142857142857
17038,2023-11-10,2676.0,8295.0
17038,2023-11-11,400.0,8304.57142857143
17038,2023-11-12,12039.0,8551.857142857143
17038,2023-11-13,12489.0,8800.714285714286
17038,2023-11-14,11906.0,8950.285714285714
17038,2023-11-15,12666.0,9159.42857142857
17038,2023-11-16,13373.0,9364.142857142857
17038,2023-11-17,2980.0,9407.57142857143
17038,2023-11-18,439.0,9413.142857142857
17038,2023-11-19,12936.0,9541.285714285714
17038,2023-11-20,12892.0,9598.857142857143
17038,2023-11-21,14132.0,9916.857142857143
17038,2023-11-22,14098.0,10121.42857142857
17038,2023-11-23,14605.0,10297.42857142857
17038,2023-11-24,3113.0,10316.42857142857
17038,2023-11-25,449.0,10317.857142857143
17038,2023-11-26,15357.0,10663.714285714286
17038,2023-11-27,14623.0,10911.0
17038,2023-11-28,15045.0,11041.42857142857
17038,2023-11-29,15938.0,11304.285714285714
17038,2023-11-30,16261.0,11540.857142857143
17038,2023-12-01,3360.0,11576.142857142857
17038,2023-12-02,501.0,11583.57142857143
17038,2023-12-03,15662.0,11627.142857142857
17038,2023-12-04,16258.0,11860.714285714286
17038,2023-12-05,15499.0,11925.57142857143
17038,2023-12-06,16188.0,11961.285714285714
17038,2023-12-07,16294.0,11966.0
17038,2023-12-08,3400.0,11971.714285714286
17038,2023-12-09,522.0,11974.714285714286
17038,2023-12-10,16627.0,12112.57142857143
17038,2023-12-11,17593.0,12303.285714285714
17038,2023-12-12,17283.0,12558.142857142857
17038,2023-12-13,16453.0,12596.0
17038,2023-12-14,17946.0,12832.0
17038,2023-12-15,3353.0,12825.285714285714
17038,2023-12-16,607.0,12837.42857142857
17038,2023-12-17,17450.0,12955.0
17038,2023-12-18,18211.0,13043.285714285714
17038,2023-12-19,17571.0,13084.42857142857
17038,2023-12-20,17887.0,13289.285714285714
17038,2023-12-21,17808.0,13269.57142857143
17038,2023-12-22,3381.0,13273.57142857143
17038,2023-12-23,472.0,13254.285714285714
17038,2023-12-24,16774.0,13157.714285714286
17038,2023-12-25,11984.0,12268.142857142857
17038,2023-12-26,11653.0,11422.714285714286
17038,2023-12-27,0.0,8867.42857142857
17038,2023-12-28,0.0,6323.428571428572
17038,2023-12-29,0.0,5840.428571428572
17038,2023-12-30,0.0,5773.0
17038,2023-12-31,0.0,3376.714285714286
20004,2023-01-01,1348.0,1348.0
20004,2023-01-02,1350.0,1349.0
20004,2023-01-03,1418.0,1372.0
20004,2023-01-04,1363.0,1369.75
20004,2023-01-05,1390.0,1373.8
20004,2023-01-06,424.0,1215.5
20004,2023-01-07,89.0,1054.5714285714287
20004,2023-01-08,1175.0,1029.857142857143
20004,2023-01-09,1105.0,994.8571428571429
20004,2023-01-10,1116.0,951.7142857142857
20004,2023-01-11,1087.0,912.2857142857143
20004,2023-01-12,1093.0,869.8571428571429
20004,2023-01-13,493.0,879.7142857142857
20004,2023-01-14,82.0,878.7142857142857
20004,2023-01-15,1155.0,875.8571428571429
20004,2023-01-16,1136.0,880.2857142857143
20004,2023-01-17,1106.0,878.8571428571429
20004,2023-01-18,1019.0,869.1428571428571
20004,2023-01-19,1111.0,871.7142857142857
20004,2023-01-20,487.0,870.8571428571429
20004,2023-01-21,20.0,862.0
20004,2023-01-22,1197.0,868.0
20004,2023-01-23,1057.0,856.7142857142857
20004,2023-01-24,1048.0,848.4285714285714
20004,2023-01-25,1063.0,854.7142857142857
20004,2023-01-26,978.0,835.7142857142857
20004,2023-01-27,161.0,789.1428571428571
20004,2023-01-28,14.0,788.2857142857143
20004,2023-01-29,1116.0,776.7142857142857
20004,2023-01-30,1134.0,787.7142857142857
20004,2023-01-31,914.0,768.5714285714286
20004,2023-02-01,851.0,738.2857142857143
20004,2023-02-02,1012.0,743.1428571428571
20004,2023-02-03,499.0,791.4285714285714
20004,2023-02-04,83.0,801.2857142857143
20004,2023-02-05,1228.0,817.2857142857143
20004,2023-02-06,1045.0,804.5714285714286
20004,2023-02-07,926.0,806.2857142857143
20004,2023-02-08,1028.0,831.5714285714286
20004,2023-02-09,1226.0,862.1428571428571
20004,2023-02-10,495.0,861.5714285714286
20004,2023-02-11,36.0,854.8571428571429
20004,2023-02-12,1207.0,851.8571428571429
20004,2023-02-13,1209.0,875.2857142857143
20004,2023-02-14,1261.0,923.1428571428571
20004,2023-02-15,1229.0,951.8571428571429
20004,2023-02-16,1319.0,965.1428571428571
20004,2023-02-17,531.0,970.2857142857143
20004,2023-02-18,12.0,966.8571428571429
20004,2023-02-19,1387.0,992.5714285714286
20004,2023-02-20,1259.0,999.7142857142857
20004,2023-02-21,1242.0,997.0
20004,2023-02-22,1270.0,1002.8571428571429
20004,2023-02-23,1244.0,992.1428571428571
20004,2023-02-24,544.0,994.0
20004,2023-02-25,23.0,995.5714285714286
20004,2023-02-26,1398.0,997.1428571428571
20004,2023-02-27,1297.0,1002.5714285714286
20004,2023-02-28,1215.0,998.7142857142857
20004,2023-03-01,947.0,952.5714285714286
20004,2023-03-02,1307.0,961.5714285714286
20004,2023-03-03,425.0,944.5714285714286
20004,2023-03-04,4.0,941.8571428571429
20004,2023-03-05,1470.0,952.1428571428571
20004,2023-03-06,1328.0,956.5714285714286
20004,2023-03-07,1033.0,930.5714285714286
20004,2023-03-08,1253.0,974.2857142857143
20004,2023-03-09,1121.0,947.7142857142857
20004,2023-03-10,545.0,964.8571428571429
20004,2023-03-11,16.0,966.5714285714286
20004,2023-03-12,1488.0,969.1428571428571
20004,2023-03-13,1445.0,985.8571428571429
20004,2023-03-14,1297.0,1023.5714285714286
20004,2023-03-15,1221.0,1019.0
20004,2023-03-16,1424.0,1062.2857142857142
20004,2023-03-17,543.0,1062.0
20004,2023-03-18,9.0,1061.0
20004,2023-03-19,1456.0,1056.4285714285713
20004,2023-03-20,1343.0,1041.857142857143
20004,2023-03-21,1391.0,1055.2857142857142
20004,2023-03-22,1401.0,1081.0
20004,2023-03-23,1387.0,1075.7142857142858
20004,2023-03-24,613.0,1085.7142857142858
20004,2023-03-25,2.0,1084.7142857142858
20004,2023-03-26,1375.0,1073.142857142857
20004,2023-03-27,1199.0,1052.5714285714287
20004,2023-03-28,1240.0,1031.0
20004,2023-03-29,1300.0,1016.5714285714286
20004,2023-03-30,1285.0,1002.0
20004,2023-03-31,498.0,985.5714285714286
20004,2023-04-01,19.0,988.0
20004,2023-04-02,1397.0,991.1428571428571
20004,2023-04-03,1354.0,1013.2857142857143
20004,2023-04-04,1188.0,1005.8571428571429
20004,2023-04-05,541.0,897.4285714285714
20004,2023-04-06,51.0,721.1428571428571
20004,2023-04-07,392.0,706.0
20004,2023-04-08,12.0,705.0
20004,2023-04-09,893.0,633.0
20004,2023-04-10,930.0,572.4285714285714
20004,2023-04-11,541.0,480.0
20004,2023-04-12,51.0,410.0
20004,2023-04-13,1041.0,551.4285714285714
20004,2023-04-14,546.0,573.4285714285714
20004,2023-04-15,4.0,572.2857142857143
20004,2023-04-16,1382.0,642.1428571428571
20004,2023-04-17,1431.0,713.7142857142857
20004,2023-04-18,1332.0,826.7142857142857
20004,2023-04-19,1329.0,1009.2857142857143
20004,2023-04-20,1378.0,1057.4285714285713
20004,2023-04-21,534.0,1055.7142857142858
20004,2023-04-22,6.0,1056.0
20004,2023-04-23,1424.0,1062.0
20004,2023-04-24,1389.0,1056.0
20004,2023-04-25,973.0,1004.7142857142857
20004,2023-04-26,262.0,852.2857142857143
20004,2023-04-27,1385.0,853.2857142857143
20004,2023-04-28,554.0,856.1428571428571
20004,2023-04-29,8.0,856.4285714285714
20004,2023-04-30,1464.0,862.1428571428571
20004,2023-05-01,1465.0,873.0
20004,2023-05-02,1418.0,936.5714285714286
20004,2023-05-03,1427.0,1103.0
20004,2023-05-04,1336.0,1096.0
20004,2023-05-05,546.0,1094.857142857143
20004,2023-05-06,18.0,1096.2857142857142
20004,2023-05-07,1504.0,1102.0
20004,2023-05-08,1455.0,1100.5714285714287
20004,2023-05-09,1315.0,1085.857142857143
20004,2023-05-10,1292.0,1066.5714285714287
20004,2023-05-11,1185.0,1045.0
20004,2023-05-12,552.0,1045.857142857143
20004,2023-05-13,39.0,1048.857142857143
20004,2023-05-14,1440.0,1039.7142857142858
20004,2023-05-15,1379.0,1028.857142857143
20004,2023-05-16,1350.0,1033.857142857143
20004,2023-05-17,1275.0,1031.4285714285713
20004,2023-05-18,1348.0,1054.7142857142858
20004,2023-05-19,561.0,1056.0
20004,2023-05-20,14.0,1052.4285714285713
20004,2023-05-21,1408.0,1047.857142857143
20004,2023-05-22,1403.0,1051.2857142857142
20004,2023-05-23,1299.0,1044.0
20004,2023-05-24,1309.0,1048.857142857143
20004,2023-05-25,571.0,937.8571428571429
20004,2023-05-26,0.0,857.7142857142857
20004,2023-05-27,18.0,858.2857142857143
20004,2023-05-28,1395.0,856.4285714285714
20004,2023-05-29,1360.0,850.2857142857143
20004,2023-05-30,1364.0,859.5714285714286
20004,2023-05-31,1321.0,861.2857142857143
20004,2023-06-01,1309.0,966.7142857142857
20004,2023-06-02,527.0,1042.0
20004,2023-06-03,26.0,1043.142857142857
20004,2023-06-04,1397.0,1043.4285714285713
20004,2023-06-05,1431.0,1053.5714285714287
20004,2023-06-06,1308.0,1045.5714285714287
20004,2023-06-07,1361.0,1051.2857142857142
20004,2023-06-08,1352.0,1057.4285714285713
20004,2023-06-09,553.0,1061.142857142857
20004,2023-06-10,13.0,1059.2857142857142
20004,2023-06-11,1438.0,1065.142857142857
20004,2023-06-12,1424.0,1064.142857142857
20004,2023-06-13,1348.0,1069.857142857143
20004,2023-06-14,1369.0,1071.0
20004,2023-06-15,1397.0,1077.4285714285713
20004,2023-06-16,565.0,1079.142857142857
20004,2023-06-17,13.0,1079.142857142857
20004,2023-06-18,1387.0,1071.857142857143
20004,2023-06-19,1390.0,1067.0
20004,2023-06-20,1364.0,1069.2857142857142
20004,2023-06-21,1339.0,1065.0
20004,2023-06-22,1342.0,1057.142857142857
20004,2023-06-23,620.0,1065.0
20004,2023-06-24,11.0,1064.7142857142858
20004,2023-06-25,1425.0,1070.142857142857
20004,2023-06-26,1397.0,1071.142857142857
20004,2023-06-27,1395.0,1075.5714285714287
20004,2023-06-28,1145.0,1047.857142857143
20004,2023-06-29,1234.0,1032.4285714285713
20004,2023-06-30,475.0,1011.7142857142857
20004,2023-07-01,44.0,1016.4285714285714
20004,2023-07-02,978.0,952.5714285714286
20004,2023-07-03,1315.0,940.8571428571429
20004,2023-07-04,1404.0,942.1428571428571
20004,2023-07-05,1272.0,960.2857142857143
20004,2023-07-06,1225.0,959.0
20004,2023-07-07,489.0,961.0
20004,2023-07-08,8.0,955.8571428571429
20004,2023-07-09,1403.0,1016.5714285714286
20004,2023-07-10,1301.0,1014.5714285714286
20004,2023-07-11,882.0,940.0
20004,2023-07-12,1395.0,957.5714285714286
20004,2023-07-13,1384.0,980.2857142857143
20004,2023-07-14,469.0,977.4285714285714
20004,2023-07-15,15.0,978.4285714285714
20004,2023-07-16,1346.0,970.2857142857143
20004,2023-07-17,1455.0,992.2857142857143
20004,2023-07-18,865.0,989.8571428571429
20004,2023-07-19,1331.0,980.7142857142857
20004,2023-07-20,1298.0,968.4285714285714
20004,2023-07-21,531.0,977.2857142857143
20004,2023-07-22,13.0,977.0
20004,2023-07-23,1354.0,978.1428571428571
20004,2023-07-24,1113.0,929.2857142857143
20004,2023-07-25,1210.0,978.5714285714286
20004,2023-07-26,1283.0,971.7142857142857
20004,2023-07-27,1059.0,937.5714285714286
20004,2023-07-28,490.0,931.7142857142857
20004,2023-07-29,21.0,932.8571428571429
20004,2023-07-30,1420.0,942.2857142857143
20004,2023-07-31,1375.0,979.7142857142857
20004,2023-08-01,1288.0,990.8571428571429
20004,2023-08-02,1221.0,982.0
20004,2023-08-03,1324.0,1019.8571428571429
20004,2023-08-04,481.0,1018.5714285714286
20004,2023-08-05,27.0,1019.4285714285714
20004,2023-08-06,1360.0,1010.8571428571429
20004,2023-08-07,1336.0,1005.2857142857143
20004,2023-08-08,1300.0,1007.0
20004,2023-08-09,1245.0,1010.4285714285714
20004,2023-08-10,1255.0,1000.5714285714286
20004,2023-08-11,488.0,1001.5714285714286
20004,2023-08-12,24.0,1001.1428571428571
20004,2023-08-13,1374.0,1003.1428571428571
20004,2023-08-14,1362.0,1006.8571428571429
20004,2023-08-15,1335.0,1011.8571428571429
20004,2023-08-16,1305.0,1020.4285714285714
20004,2023-08-17,1335.0,1031.857142857143
20004,2023-08-18,446.0,1025.857142857143
20004,2023-08-19,32.0,1027.0
20004,2023-08-20,1409.0,1032.0
20004,2023-08-21,1158.0,1002.8571428571429
20004,2023-08-22,1263.0,992.5714285714286
20004,2023-08-23,1189.0,976.0
20004,2023-08-24,1265.0,966.0
20004,2023-08-25,510.0,975.1428571428571
20004,2023-08-26,28.0,974.5714285714286
20004,2023-08-27,1240.0,950.4285714285714
20004,2023-08-28,1323.0,974.0
20004,2023-08-29,1294.0,978.4285714285714
20004,2023-08-30,1308.0,995.4285714285714
20004,2023-08-31,1344.0,1006.7142857142857
20004,2023-09-01,551.0,1012.5714285714286
20004,2023-09-02,25.0,1012.1428571428571
20004,2023-09-03,1399.0,1034.857142857143
20004,2023-09-04,1314.0,1033.5714285714287
20004,2023-09-05,1357.0,1042.5714285714287
20004,2023-09-06,1301.0,1041.5714285714287
20004,2023-09-07,1277.0,1032.0
20004,2023-09-08,547.0,1031.4285714285713
20004,2023-09-09,23.0,1031.142857142857
20004,2023-09-10,1459.0,1039.7142857142858
20004,2023-09-11,1330.0,1042.0
20004,2023-09-12,1254.0,1027.2857142857142
20004,2023-09-13,1280.0,1024.2857142857142
20004,2023-09-14,1286.0,1025.5714285714287
20004,2023-09-15,440.0,1010.2857142857143
20004,2023-09-16,0.0,1007.0
20004,2023-09-17,35.0,803.5714285714286
20004,2023-09-18,1342.0,805.2857142857143
20004,2023-09-19,1305.0,812.5714285714286
20004,2023-09-20,1368.0,825.1428571428571
20004,2023-09-21,1298.0,826.8571428571429
20004,2023-09-22,474.0,831.7142857142857
20004,2023-09-23,32.0,836.2857142857143
20004,2023-09-24,466.0,897.8571428571429
20004,2023-09-25,29.0,710.2857142857143
20004,2023-09-26,1401.0,724.0
20004,2023-09-27,1244.0,706.2857142857143
20004,2023-09-28,1158.0,686.2857142857143
20004,2023-09-29,455.0,683.5714285714286
20004,2023-09-30,24.0,682.4285714285714
20004,2023-10-01,1048.0,765.5714285714286
20004,2023-10-02,996.0,903.7142857142857
20004,2023-10-03,1031.0,850.8571428571429
20004,2023-10-04,1136.0,835.4285714285714
20004,2023-10-05,1015.0,815.0
20004,2023-10-06,420.0,810.0
20004,2023-10-07,7.0,807.5714285714286
20004,2023-10-08,292.0,699.5714285714286
20004,2023-10-09,415.0,616.5714285714286
20004,2023-10-10,395.0,525.7142857142857
20004,2023-10-11,471.0,430.7142857142857
20004,2023-10-12,496.0,356.57142857142856
20004,2023-10-13,272.0,335.42857142857144
20004,2023-10-14,58.0,342.7142857142857
20004,2023-10-15,1036.0,449.0
20004,2023-10-16,627.0,479.2857142857143
20004,2023-10-17,654.0,516.2857142857143
20004,2023-10-18,548.0,527.2857142857143
20004,2023-10-19,660.0,550.7142857142857
20004,2023-10-20,372.0,565.0
20004,2023-10-21,24.0,560.1428571428571
20004,2023-10-22,786.0,524.4285714285714
20004,2023-10-23,799.0,549.0
20004,2023-10-24,806.0,570.7142857142857
20004,2023-10-25,761.0,601.1428571428571
20004,2023-10-26,802.0,621.4285714285714
20004,2023-10-27,394.0,624.5714285714286
20004,2023-10-28,22.0,624.2857142857143
20004,2023-10-29,855.0,634.1428571428571
20004,2023-10-30,875.0,645.0
20004,2023-10-31,874.0,654.7142857142857
20004,2023-11-01,889.0,673.0
20004,2023-11-02,868.0,682.4285714285714
20004,2023-11-03,377.0,680.0
20004,2023-11-04,23.0,680.1428571428571
20004,2023-11-05,1047.0,707.5714285714286
20004,2023-11-06,956.0,719.1428571428571
20004,2023-11-07,889.0,721.2857142857143
20004,2023-11-08,947.0,729.5714285714286
20004,2023-11-09,957.0,742.2857142857143
20004,2023-11-10,405.0,746.2857142857143
20004,2023-11-11,60.0,751.5714285714286
20004,2023-11-12,998.0,744.5714285714286
20004,2023-11-13,1003.0,751.2857142857143
20004,2023-11-14,939.0,758.4285714285714
20004,2023-11-15,1029.0,770.1428571428571
20004,2023-11-16,1048.0,783.1428571428571
20004,2023-11-17,412.0,784.1428571428571
20004,2023-11-18,44.0,781.8571428571429
20004,2023-11-19,861.0,762.2857142857143
20004,2023-11-20,946.0,754.1428571428571
20004,2023-11-21,1362.0,814.5714285714286
20004,2023-11-22,1332.0,857.8571428571429
20004,2023-11-23,1359.0,902.2857142857143
20004,2023-11-24,687.0,941.5714285714286
20004,2023-11-25,135.0,954.5714285714286
20004,2023-11-26,1371.0,1027.4285714285713
20004,2023-11-27,1367.0,1087.5714285714287
20004,2023-11-28,1177.0,1061.142857142857
20004,2023-11-29,1399.0,1070.7142857142858
20004,2023-11-30,1275.0,1058.7142857142858
20004,2023-12-01,516.0,1034.2857142857142
20004,2023-12-02,68.0,1024.7142857142858
20004,2023-12-03,1104.0,986.5714285714286
20004,2023-12-04,1067.0,943.7142857142857
20004,2023-12-05,1126.0,936.4285714285714
20004,2023-12-06,1084.0,891.4285714285714
20004,2023-12-07,1089.0,864.8571428571429
20004,2023-12-08,454.0,856.0
20004,2023-12-09,71.0,856.4285714285714
20004,2023-12-10,1061.0,850.2857142857143
20004,2023-12-11,1049.0,847.7142857142857
20004,2023-12-12,1024.0,833.1428571428571
20004,2023-12-13,1046.0,827.7142857142857
20004,2023-12-14,1154.0,837.0
20004,2023-12-15,452.0,836.7142857142857
20004,2023-12-16,58.0,834.8571428571429
20004,2023-12-17,1185.0,852.5714285714286
20004,2023-12-18,1114.0,861.8571428571429
20004,2023-12-19,1086.0,870.7142857142857
20004,2023-12-20,1142.0,884.4285714285714
20004,2023-12-21,1081.0,874.0
20004,2023-12-22,443.0,872.7142857142857
20004,2023-12-23,54.0,872.1428571428571
20004,2023-12-24,950.0,838.5714285714286
20004,2023-12-25,867.0,803.2857142857143
20004,2023-12-26,840.0,768.1428571428571
20004,2023-12-27,693.0,704.0
20004,2023-12-28,115.0,566.0
20004,2023-12-29,0.0,502.7142857142857
20004,2023-12-30,0.0,495.0
20004,2023-12-31,0.0,359.2857142857143
20050,2023-01-01,645.0,645.0
20050,2023-01-02,644.0,644.5
20050,2023-01-03,700.0,663.0
20050,2023-01-04,702.0,672.75
20050,2023-01-05,747.0,687.6
20050,2023-01-06,413.0,641.8333333333334
20050,2023-01-07,54.0,557.8571428571429
20050,2023-01-08,645.0,557.8571428571429
20050,2023-01-09,789.0,578.5714285714286
20050,2023-01-10,759.0,587.0
20050,2023-01-11,809.0,602.2857142857143
20050,2023-01-12,734.0,600.4285714285714
20050,2023-01-13,346.0,590.8571428571429
20050,2023-01-14,73.0,593.5714285714286
20050,2023-01-15,709.0,602.7142857142857
20050,2023-01-16,738.0,595.4285714285714
20050,2023-01-17,714.0,589.0
20050,2023-01-18,750.0,580.5714285714286
20050,2023-01-19,740.0,581.4285714285714
20050,2023-01-20,379.0,586.1428571428571
20050,2023-01-21,313.0,620.4285714285714
20050,2023-01-22,759.0,627.5714285714286
20050,2023-01-23,779.0,633.4285714285714
20050,2023-01-24,806.0,646.5714285714286
20050,2023-01-25,790.0,652.2857142857143
20050,2023-01-26,761.0,655.2857142857143
20050,2023-01-27,406.0,659.1428571428571
20050,2023-01-28,267.0,652.5714285714286
20050,2023-01-29,706.0,645.0
20050,2023-01-30,673.0,629.8571428571429
20050,2023-01-31,645.0,606.8571428571429
20050,2023-02-01,584.0,577.4285714285714
20050,2023-02-02,671.0,564.5714285714286
20050,2023-02-03,395.0,563.0
20050,2023-02-04,103.0,539.5714285714286
20050,2023-02-05,700.0,538.7142857142857
20050,2023-02-06,539.0,519.5714285714286
20050,2023-02-07,490.0,497.42857142857144
20050,2023-02-08,643.0,505.85714285714283
20050,2023-02-09,736.0,515.1428571428571
20050,2023-02-10,357.0,509.7142857142857
20050,2023-02-11,103.0,509.7142857142857
20050,2023-02-12,687.0,507.85714285714283
20050,2023-02-13,650.0,523.7142857142857
20050,2023-02-14,677.0,550.4285714285714
20050,2023-02-15,676.0,555.1428571428571
20050,2023-02-16,719.0,552.7142857142857
20050,2023-02-17,346.0,551.1428571428571
20050,2023-02-18,175.0,561.4285714285714
20050,2023-02-19,684.0,561.0
20050,2023-02-20,693.0,567.1428571428571
20050,2023-02-21,665.0,565.4285714285714
20050,2023-02-22,759.0,577.2857142857143
20050,2023-02-23,715.0,576.7142857142857
20050,2023-02-24,138.0,547.0
20050,2023-02-25,142.0,542.2857142857143
20050,2023-02-26,703.0,545.0
20050,2023-02-27,730.0,550.2857142857143
20050,2023-02-28,722.0,558.4285714285714
20050,2023-03-01,549.0,528.4285714285714
20050,2023-03-02,751.0,533.5714285714286
20050,2023-03-03,314.0,558.7142857142857
20050,2023-03-04,174.0,563.2857142857143
20050,2023-03-05,717.0,565.2857142857143
20050,2023-03-06,690.0,559.5714285714286
20050,2023-03-07,581.0,539.4285714285714
20050,2023-03-08,667.0,556.2857142857143
20050,2023-03-09,500.0,520.4285714285714
20050,2023-03-10,344.0,524.7142857142857
20050,2023-03-11,181.0,525.7142857142857
20050,2023-03-12,759.0,531.7142857142857
20050,2023-03-13,786.0,545.4285714285714
20050,2023-03-14,755.0,570.2857142857143
20050,2023-03-15,709.0,576.2857142857143
20050,2023-03-16,654.0,598.2857142857143
20050,2023-03-17,382.0,603.7142857142857
20050,2023-03-18,137.0,597.4285714285714
20050,2023-03-19,695.0,588.2857142857143
20050,2023-03-20,749.0,583.0
20050,2023-03-21,747.0,581.8571428571429
20050,2023-03-22,798.0,594.5714285714286
20050,2023-03-23,514.0,574.5714285714286
20050,2023-03-24,393.0,576.1428571428571
20050,2023-03-25,126.0,574.5714285714286
20050,2023-03-26,736.0,580.4285714285714
20050,2023-03-27,533.0,549.5714285714286
20050,2023-03-28,700.0,542.8571428571429
20050,2023-03-29,806.0,544.0
20050,2023-03-30,728.0,574.5714285714286
20050,2023-03-31,358.0,569.5714285714286
20050,2023-04-01,141.0,571.7142857142857
20050,2023-04-02,756.0,574.5714285714286
20050,2023-04-03,712.0,600.1428571428571
20050,2023-04-04,768.0,609.8571428571429
20050,2023-04-05,410.0,553.2857142857143
20050,2023-04-06,88.0,461.85714285714283
20050,2023-04-07,276.0,450.14285714285717
20050,2023-04-08,147.0,451.0
20050,2023-04-09,500.0,414.42857142857144
20050,2023-04-10,520.0,387.0
20050,2023-04-11,278.0,317.0
20050,2023-04-12,55.0,266.2857142857143
20050,2023-04-13,624.0,342.85714285714283
20050,2023-04-14,302.0,346.57142857142856
20050,2023-04-15,141.0,345.7142857142857
20050,2023-04-16,758.0,382.57142857142856
20050,2023-04-17,851.0,429.85714285714283
20050,2023-04-18,767.0,499.7142857142857
20050,2023-04-19,787.0,604.2857142857143
20050,2023-04-20,751.0,622.4285714285714
20050,2023-04-21,309.0,623.4285714285714
20050,2023-04-22,161.0,626.2857142857143
20050,2023-04-23,720.0,620.8571428571429
20050,2023-04-24,759.0,607.7142857142857
20050,2023-04-25,419.0,558.0
20050,2023-04-26,302.0,488.7142857142857
20050,2023-04-27,717.0,483.85714285714283
20050,2023-04-28,365.0,491.85714285714283
20050,2023-04-29,218.0,500.0
20050,2023-04-30,779.0,508.42857142857144
20050,2023-05-01,775.0,510.7142857142857
20050,2023-05-02,792.0,564.0
20050,2023-05-03,763.0,629.8571428571429
20050,2023-05-04,724.0,630.8571428571429
20050,2023-05-05,328.0,625.5714285714286
20050,2023-05-06,200.0,623.0
20050,2023-05-07,740.0,617.4285714285714
20050,2023-05-08,811.0,622.5714285714286
20050,2023-05-09,759.0,617.8571428571429
20050,2023-05-10,681.0,606.1428571428571
20050,2023-05-11,674.0,599.0
20050,2023-05-12,332.0,599.5714285714286
20050,2023-05-13,150.0,592.4285714285714
20050,2023-05-14,697.0,586.2857142857143
20050,2023-05-15,791.0,583.4285714285714
20050,2023-05-16,817.0,591.7142857142857
20050,2023-05-17,791.0,607.4285714285714
20050,2023-05-18,717.0,613.5714285714286
20050,2023-05-19,356.0,617.0
20050,2023-05-20,230.0,628.4285714285714
20050,2023-05-21,783.0,640.7142857142857
20050,2023-05-22,813.0,643.8571428571429
20050,2023-05-23,762.0,636.0
20050,2023-05-24,818.0,639.8571428571429
20050,2023-05-25,441.0,600.4285714285714
20050,2023-05-26,0.0,549.5714285714286
20050,2023-05-27,199.0,545.1428571428571
20050,2023-05-28,708.0,534.4285714285714
20050,2023-05-29,718.0,520.8571428571429
20050,2023-05-30,720.0,514.8571428571429
20050,2023-05-31,741.0,503.85714285714283
20050,2023-06-01,774.0,551.4285714285714
20050,2023-06-02,398.0,608.2857142857143
20050,2023-06-03,205.0,609.1428571428571
20050,2023-06-04,779.0,619.2857142857143
20050,2023-06-05,891.0,644.0
20050,2023-06-06,781.0,652.7142857142857
20050,2023-06-07,804.0,661.7142857142857
20050,2023-06-08,689.0,649.5714285714286
20050,2023-06-09,295.0,634.8571428571429
20050,2023-06-10,248.0,641.0
20050,2023-06-11,767.0,639.2857142857143
20050,2023-06-12,794.0,625.4285714285714
20050,2023-06-13,803.0,628.5714285714286
20050,2023-06-14,754.0,621.4285714285714
20050,2023-06-15,822.0,640.4285714285714
20050,2023-06-16,422.0,658.5714285714286
20050,2023-06-17,143.0,643.5714285714286
20050,2023-06-18,769.0,643.8571428571429
20050,2023-06-19,835.0,649.7142857142857
20050,2023-06-20,830.0,653.5714285714286
20050,2023-06-21,874.0,670.7142857142857
20050,2023-06-22,789.0,666.0
20050,2023-06-23,368.0,658.2857142857143
20050,2023-06-24,177.0,663.1428571428571
20050,2023-06-25,722.0,656.4285714285714
20050,2023-06-26,773.0,647.5714285714286
20050,2023-06-27,797.0,642.8571428571429
20050,2023-06-28,657.0,611.8571428571429
20050,2023-06-29,640.0,590.5714285714286
20050,2023-06-30,310.0,582.2857142857143
20050,2023-07-01,136.0,576.4285714285714
20050,2023-07-02,482.0,542.1428571428571
20050,2023-07-03,763.0,540.7142857142857
20050,2023-07-04,680.0,524.0
20050,2023-07-05,750.0,537.2857142857143
20050,2023-07-06,680.0,543.0
20050,2023-07-07,392.0,554.7142857142857
20050,2023-07-08,162.0,558.4285714285714
20050,2023-07-09,767.0,599.1428571428571
20050,2023-07-10,773.0,600.5714285714286
20050,2023-07-11,558.0,583.1428571428571
20050,2023-07-12,758.0,584.2857142857143
20050,2023-07-13,755.0,595.0
20050,2023-07-14,317.0,584.2857142857143
20050,2023-07-15,137.0,580.7142857142857
20050,2023-07-16,745.0,577.5714285714286
20050,2023-07-17,778.0,578.2857142857143
20050,2023-07-18,682.0,596.0
20050,2023-07-19,669.0,583.2857142857143
20050,2023-07-20,726.0,579.1428571428571
20050,2023-07-21,316.0,579.0
20050,2023-07-22,186.0,586.0
20050,2023-07-23,776.0,590.4285714285714
20050,2023-07-24,764.0,588.4285714285714
20050,2023-07-25,735.0,596.0
20050,2023-07-26,691.0,599.1428571428571
20050,2023-07-27,745.0,601.8571428571429
20050,2023-07-28,343.0,605.7142857142857
20050,2023-07-29,182.0,605.1428571428571
20050,2023-07-30,761.0,603.0
20050,2023-07-31,707.0,594.8571428571429
20050,2023-08-01,682.0,587.2857142857143
20050,2023-08-02,823.0,606.1428571428571
20050,2023-08-03,791.0,612.7142857142857
20050,2023-08-04,348.0,613.4285714285714
20050,2023-08-05,152.0,609.1428571428571
20050,2023-08-06,666.0,595.5714285714286
20050,2023-08-07,736.0,599.7142857142857
20050,2023-08-08,796.0,616.0
20050,2023-08-09,697.0,598.0
20050,2023-08-10,715.0,587.1428571428571
20050,2023-08-11,320.0,583.1428571428571
20050,2023-08-12,196.0,589.4285714285714
20050,2023-08-13,690.0,592.8571428571429
20050,2023-08-14,746.0,594.2857142857143
20050,2023-08-15,762.0,589.4285714285714
20050,2023-08-16,694.0,589.0
20050,2023-08-17,742.0,592.8571428571429
20050,2023-08-18,411.0,605.8571428571429
20050,2023-08-19,137.0,597.4285714285714
20050,2023-08-20,683.0,596.4285714285714
20050,2023-08-21,758.0,598.1428571428571
20050,2023-08-22,786.0,601.5714285714286
20050,2023-08-23,778.0,613.5714285714286
20050,2023-08-24,735.0,612.5714285714286
20050,2023-08-25,375.0,607.4285714285714
20050,2023-08-26,162.0,611.0
20050,2023-08-27,701.0,613.5714285714286
20050,2023-08-28,747.0,612.0
20050,2023-08-29,785.0,611.8571428571429
20050,2023-08-30,866.0,624.4285714285714
20050,2023-08-31,675.0,615.8571428571429
20050,2023-09-01,297.0,604.7142857142857
20050,2023-09-02,153.0,603.4285714285714
20050,2023-09-03,701.0,603.4285714285714
20050,2023-09-04,683.0,594.2857142857143
20050,2023-09-05,692.0,581.0
20050,2023-09-06,687.0,555.4285714285714
20050,2023-09-07,701.0,559.1428571428571
20050,2023-09-08,294.0,558.7142857142857
20050,2023-09-09,165.0,560.4285714285714
20050,2023-09-10,670.0,556.0
20050,2023-09-11,684.0,556.1428571428571
20050,2023-09-12,688.0,555.5714285714286
20050,2023-09-13,697.0,557.0
20050,2023-09-14,658.0,550.8571428571429
20050,2023-09-15,274.0,548.0
20050,2023-09-16,0.0,524.4285714285714
20050,2023-09-17,136.0,448.14285714285717
20050,2023-09-18,649.0,443.14285714285717
20050,2023-09-19,650.0,437.7142857142857
20050,2023-09-20,642.0,429.85714285714283
20050,2023-09-21,748.0,442.7142857142857
20050,2023-09-22,324.0,449.85714285714283
20050,2023-09-23,149.0,471.14285714285717
20050,2023-09-24,216.0,482.57142857142856
20050,2023-09-25,24.0,393.2857142857143
20050,2023-09-26,711.0,402.0
20050,2023-09-27,621.0,399.0
20050,2023-09-28,688.0,390.42857142857144
20050,2023-09-29,289.0,385.42857142857144
20050,2023-09-30,118.0,381.0
20050,2023-10-01,571.0,431.7142857142857
20050,2023-10-02,672.0,524.2857142857143
20050,2023-10-03,656.0,516.4285714285714
20050,2023-10-04,677.0,524.4285714285714
20050,2023-10-05,733.0,530.8571428571429
20050,2023-10-06,251.0,525.4285714285714
20050,2023-10-07,28.0,512.5714285714286
20050,2023-10-08,117.0,447.7142857142857
20050,2023-10-09,129.0,370.14285714285717
20050,2023-10-10,168.0,300.42857142857144
20050,2023-10-11,147.0,224.71428571428572
20050,2023-10-12,203.0,149.0
20050,2023-10-13,88.0,125.71428571428571
20050,2023-10-14,6.0,122.57142857142857
20050,2023-10-15,110.0,121.57142857142857
20050,2023-10-16,230.0,136.0
20050,2023-10-17,260.0,149.14285714285714
20050,2023-10-18,289.0,169.42857142857142
20050,2023-10-19,289.0,181.71428571428572
20050,2023-10-20,142.0,189.42857142857142
20050,2023-10-21,17.0,191.0
20050,2023-10-22,321.0,221.14285714285714
20050,2023-10-23,343.0,237.28571428571428
20050,2023-10-24,349.0,250.0
20050,2023-10-25,371.0,261.7142857142857
20050,2023-10-26,372.0,273.57142857142856
20050,2023-10-27,145.0,274.0
20050,2023-10-28,24.0,275.0
20050,2023-10-29,317.0,274.42857142857144
20050,2023-10-30,366.0,277.7142857142857
20050,2023-10-31,351.0,278.0
20050,2023-11-01,373.0,278.2857142857143
20050,2023-11-02,376.0,278.85714285714283
20050,2023-11-03,183.0,284.2857142857143
20050,2023-11-04,27.0,284.7142857142857
20050,2023-11-05,364.0,291.42857142857144
20050,2023-11-06,418.0,298.85714285714283
20050,2023-11-07,386.0,303.85714285714283
20050,2023-11-08,428.0,311.7142857142857
20050,2023-11-09,406.0,316.0
20050,2023-11-10,217.0,320.85714285714283
20050,2023-11-11,28.0,321.0
20050,2023-11-12,420.0,329.0
20050,2023-11-13,441.0,332.2857142857143
20050,2023-11-14,469.0,344.14285714285717
20050,2023-11-15,484.0,352.14285714285717
20050,2023-11-16,461.0,360.0
20050,2023-11-17,232.0,362.14285714285717
20050,2023-11-18,45.0,364.57142857142856
20050,2023-11-19,300.0,347.42857142857144
20050,2023-11-20,485.0,353.7142857142857
20050,2023-11-21,457.0,352.0
20050,2023-11-22,475.0,350.7142857142857
20050,2023-11-23,505.0,357.0
20050,2023-11-24,256.0,360.42857142857144
20050,2023-11-25,45.0,360.42857142857144
20050,2023-11-26,486.0,387.0
20050,2023-11-27,499.0,389.0
20050,2023-11-28,514.0,397.14285714285717
20050,2023-11-29,535.0,405.7142857142857
20050,2023-11-30,539.0,410.57142857142856
20050,2023-12-01,264.0,411.7142857142857
20050,2023-12-02,59.0,413.7142857142857
20050,2023-12-03,542.0,421.7142857142857
20050,2023-12-04,556.0,429.85714285714283
20050,2023-12-05,553.0,435.42857142857144
20050,2023-12-06,557.0,438.57142857142856
20050,2023-12-07,547.0,439.7142857142857
20050,2023-12-08,226.0,434.2857142857143
20050,2023-12-09,56.0,433.85714285714283
20050,2023-12-10,468.0,423.2857142857143
20050,2023-12-11,546.0,421.85714285714283
20050,2023-12-12,509.0,415.57142857142856
20050,2023-12-13,536.0,412.57142857142856
20050,2023-12-14,557.0,414.0
20050,2023-12-15,256.0,418.2857142857143
20050,2023-12-16,61.0,419.0
20050,2023-12-17,601.0,438.0
20050,2023-12-18,592.0,444.57142857142856
20050,2023-12-19,582.0,455.0
20050,2023-12-20,596.0,463.57142857142856
20050,2023-12-21,588.0,468.0
20050,2023-12-22,263.0,469.0
20050,2023-12-23,46.0,466.85714285714283
20050,2023-12-24,423.0,441.42857142857144
20050,2023-12-25,405.0,414.7142857142857
20050,2023-12-26,415.0,390.85714285714283
20050,2023-12-27,288.0,346.85714285714283
20050,2023-12-28,62.0,271.7142857142857
20050,2023-12-29,0.0,234.14285714285714
20050,2023-12-30,0.0,227.57142857142858
20050,2023-12-31,0.0,167.14285714285714
20017,2023-01-01,266.0,266.0
20017,2023-01-02,253.0,259.5
20017,2023-01-03,227.0,248.66666666666666
20017,2023-01-04,242.0,247.0
20017,2023-01-05,255.0,248.6
20017,2023-01-06,80.0,220.5
20017,2023-01-07,41.0,194.85714285714286
20017,2023-01-08,242.0,191.42857142857142
20017,2023-01-09,280.0,195.28571428571428
20017,2023-01-10,256.0,199.42857142857142
20017,2023-01-11,270.0,203.42857142857142
20017,2023-01-12,257.0,203.71428571428572
20017,2023-01-13,58.0,200.57142857142858
20017,2023-01-14,45.0,201.14285714285714
20017,2023-01-15,237.0,200.42857142857142
20017,2023-01-16,274.0,199.57142857142858
20017,2023-01-17,255.0,199.42857142857142
20017,2023-01-18,254.0,197.14285714285714
20017,2023-01-19,243.0,195.14285714285714
20017,2023-01-20,66.0,196.28571428571428
20017,2023-01-21,7.0,190.85714285714286
20017,2023-01-22,248.0,192.42857142857142
20017,2023-01-23,278.0,193.0
20017,2023-01-24,207.0,186.14285714285714
20017,2023-01-25,245.0,184.85714285714286
20017,2023-01-26,254.0,186.42857142857142
20017,2023-01-27,53.0,184.57142857142858
20017,2023-01-28,0.0,183.57142857142858
20017,2023-01-29,225.0,180.28571428571428
20017,2023-01-30,270.0,179.14285714285714
20017,2023-01-31,227.0,182.0
20017,2023-02-01,208.0,176.71428571428572
20017,2023-02-02,254.0,176.71428571428572
20017,2023-02-03,81.0,180.71428571428572
20017,2023-02-04,13.0,182.57142857142858
20017,2023-02-05,281.0,190.57142857142858
20017,2023-02-06,226.0,184.28571428571428
20017,2023-02-07,214.0,182.42857142857142
20017,2023-02-08,217.0,183.71428571428572
20017,2023-02-09,255.0,183.85714285714286
20017,2023-02-10,86.0,184.57142857142858
20017,2023-02-11,4.0,183.28571428571428
20017,2023-02-12,280.0,183.14285714285714
20017,2023-02-13,257.0,187.57142857142858
20017,2023-02-14,226.0,189.28571428571428
20017,2023-02-15,279.0,198.14285714285714
20017,2023-02-16,266.0,199.71428571428572
20017,2023-02-17,94.0,200.85714285714286
20017,2023-02-18,3.0,200.71428571428572
20017,2023-02-19,239.0,194.85714285714286
20017,2023-02-20,253.0,194.28571428571428
20017,2023-02-21,238.0,196.0
20017,2023-02-22,319.0,201.71428571428572
20017,2023-02-23,280.0,203.71428571428572
20017,2023-02-24,118.0,207.14285714285714
20017,2023-02-25,2.0,207.0
20017,2023-02-26,272.0,211.71428571428572
20017,2023-02-27,266.0,213.57142857142858
20017,2023-02-28,255.0,216.0
20017,2023-03-01,269.0,208.85714285714286
20017,2023-03-02,282.0,209.14285714285714
20017,2023-03-03,73.0,202.71428571428572
20017,2023-03-04,1.0,202.57142857142858
20017,2023-03-05,296.0,206.0
20017,2023-03-06,223.0,199.85714285714286
20017,2023-03-07,178.0,188.85714285714286
20017,2023-03-08,255.0,186.85714285714286
20017,2023-03-09,198.0,174.85714285714286
20017,2023-03-10,56.0,172.42857142857142
20017,2023-03-11,0.0,172.28571428571428
20017,2023-03-12,232.0,163.14285714285714
20017,2023-03-13,282.0,171.57142857142858
20017,2023-03-14,212.0,176.42857142857142
20017,2023-03-15,252.0,176.0
20017,2023-03-16,208.0,177.42857142857142
20017,2023-03-17,82.0,181.14285714285714
20017,2023-03-18,2.0,181.42857142857142
20017,2023-03-19,230.0,181.14285714285714
20017,2023-03-20,290.0,182.28571428571428
20017,2023-03-21,246.0,187.14285714285714
20017,2023-03-22,255.0,187.57142857142858
20017,2023-03-23,149.0,179.14285714285714
20017,2023-03-24,66.0,176.85714285714286
20017,2023-03-25,3.0,177.0
20017,2023-03-26,254.0,180.42857142857142
20017,2023-03-27,273.0,178.0
20017,2023-03-28,255.0,179.28571428571428
20017,2023-03-29,247.0,178.14285714285714
20017,2023-03-30,196.0,184.85714285714286
20017,2023-03-31,67.0,185.0
20017,2023-04-01,2.0,184.85714285714286
20017,2023-04-02,279.0,188.42857142857142
20017,2023-04-03,220.0,180.85714285714286
20017,2023-04-04,228.0,177.0
20017,2023-04-05,75.0,152.42857142857142
20017,2023-04-06,21.0,127.42857142857143
20017,2023-04-07,65.0,127.14285714285714
20017,2023-04-08,11.0,128.42857142857142
20017,2023-04-09,181.0,114.42857142857143
20017,2023-04-10,190.0,110.14285714285714
20017,2023-04-11,77.0,88.57142857142857
20017,2023-04-12,8.0,79.0
20017,2023-04-13,254.0,112.28571428571429
20017,2023-04-14,62.0,111.85714285714286
20017,2023-04-15,5.0,111.0
20017,2023-04-16,232.0,118.28571428571429
20017,2023-04-17,271.0,129.85714285714286
20017,2023-04-18,235.0,152.42857142857142
20017,2023-04-19,275.0,190.57142857142858
20017,2023-04-20,251.0,190.14285714285714
20017,2023-04-21,75.0,192.0
20017,2023-04-22,10.0,192.71428571428572
20017,2023-04-23,242.0,194.14285714285714
20017,2023-04-24,236.0,189.14285714285714
20017,2023-04-25,207.0,185.14285714285714
20017,2023-04-26,81.0,157.42857142857142
20017,2023-04-27,203.0,150.57142857142858
20017,2023-04-28,74.0,150.42857142857142
20017,2023-04-29,6.0,149.85714285714286
20017,2023-04-30,199.0,143.71428571428572
20017,2023-05-01,207.0,139.57142857142858
20017,2023-05-02,251.0,145.85714285714286
20017,2023-05-03,230.0,167.14285714285714
20017,2023-05-04,278.0,177.85714285714286
20017,2023-05-05,75.0,178.0
20017,2023-05-06,11.0,178.71428571428572
20017,2023-05-07,277.0,189.85714285714286
20017,2023-05-08,244.0,195.14285714285714
20017,2023-05-09,226.0,191.57142857142858
20017,2023-05-10,235.0,192.28571428571428
20017,2023-05-11,204.0,181.71428571428572
20017,2023-05-12,53.0,178.57142857142858
20017,2023-05-13,14.0,179.0
20017,2023-05-14,259.0,176.42857142857142
20017,2023-05-15,274.0,180.71428571428572
20017,2023-05-16,254.0,184.71428571428572
20017,2023-05-17,258.0,188.0
20017,2023-05-18,254.0,195.14285714285714
20017,2023-05-19,71.0,197.71428571428572
20017,2023-05-20,7.0,196.71428571428572
20017,2023-05-21,271.0,198.42857142857142
20017,2023-05-22,323.0,205.42857142857142
20017,2023-05-23,234.0,202.57142857142858
20017,2023-05-24,279.0,205.57142857142858
20017,2023-05-25,132.0,188.14285714285714
20017,2023-05-26,0.0,178.0
20017,2023-05-27,13.0,178.85714285714286
20017,2023-05-28,275.0,179.42857142857142
20017,2023-05-29,276.0,172.71428571428572
20017,2023-05-30,288.0,180.42857142857142
20017,2023-05-31,267.0,178.71428571428572
20017,2023-06-01,248.0,195.28571428571428
20017,2023-06-02,88.0,207.85714285714286
20017,2023-06-03,10.0,207.42857142857142
20017,2023-06-04,278.0,207.85714285714286
20017,2023-06-05,310.0,212.71428571428572
20017,2023-06-06,290.0,213.0
20017,2023-06-07,266.0,212.85714285714286
20017,2023-06-08,260.0,214.57142857142858
20017,2023-06-09,61.0,210.71428571428572
20017,2023-06-10,15.0,211.42857142857142
20017,2023-06-11,269.0,210.14285714285714
20017,2023-06-12,271.0,204.57142857142858
20017,2023-06-13,289.0,204.42857142857142
20017,2023-06-14,306.0,210.14285714285714
20017,2023-06-15,294.0,215.0
20017,2023-06-16,94.0,219.71428571428572
20017,2023-06-17,8.0,218.71428571428572
20017,2023-06-18,271.0,219.0
20017,2023-06-19,337.0,228.42857142857142
20017,2023-06-20,283.0,227.57142857142858
20017,2023-06-21,276.0,223.28571428571428
20017,2023-06-22,265.0,219.14285714285714
20017,2023-06-23,84.0,217.71428571428572
20017,2023-06-24,23.0,219.85714285714286
20017,2023-06-25,248.0,216.57142857142858
20017,2023-06-26,285.0,209.14285714285714
20017,2023-06-27,246.0,203.85714285714286
20017,2023-06-28,223.0,196.28571428571428
20017,2023-06-29,248.0,193.85714285714286
20017,2023-06-30,70.0,191.85714285714286
20017,2023-07-01,8.0,189.71428571428572
20017,2023-07-02,163.0,177.57142857142858
20017,2023-07-03,247.0,172.14285714285714
20017,2023-07-04,276.0,176.42857142857142
20017,2023-07-05,259.0,181.57142857142858
20017,2023-07-06,247.0,181.42857142857142
20017,2023-07-07,62.0,180.28571428571428
20017,2023-07-08,9.0,180.42857142857142
20017,2023-07-09,257.0,193.85714285714286
20017,2023-07-10,235.0,192.14285714285714
20017,2023-07-11,218.0,183.85714285714286
20017,2023-07-12,262.0,184.28571428571428
20017,2023-07-13,233.0,182.28571428571428
20017,2023-07-14,69.0,183.28571428571428
20017,2023-07-15,12.0,183.71428571428572
20017,2023-07-16,278.0,186.71428571428572
20017,2023-07-17,253.0,189.28571428571428
20017,2023-07-18,193.0,185.71428571428572
20017,2023-07-19,293.0,190.14285714285714
20017,2023-07-20,235.0,190.42857142857142
20017,2023-07-21,72.0,190.85714285714286
20017,2023-07-22,16.0,191.42857142857142
20017,2023-07-23,238.0,185.71428571428572
20017,2023-07-24,227.0,182.0
20017,2023-07-25,244.0,189.28571428571428
20017,2023-07-26,185.0,173.85714285714286
20017,2023-07-27,173.0,165.0
20017,2023-07-28,52.0,162.14285714285714
20017,2023-07-29,6.0,160.71428571428572
20017,2023-07-30,230.0,159.57142857142858
20017,2023-07-31,263.0,164.71428571428572
20017,2023-08-01,250.0,165.57142857142858
20017,2023-08-02,264.0,176.85714285714286
20017,2023-08-03,216.0,183.0
20017,2023-08-04,77.0,186.57142857142858
20017,2023-08-05,14.0,187.71428571428572
20017,2023-08-06,269.0,193.28571428571428
20017,2023-08-07,228.0,188.28571428571428
20017,2023-08-08,221.0,184.14285714285714
20017,2023-08-09,310.0,190.71428571428572
20017,2023-08-10,252.0,195.85714285714286
20017,2023-08-11,73.0,195.28571428571428
20017,2023-08-12,8.0,194.42857142857142
20017,2023-08-13,249.0,191.57142857142858
20017,2023-08-14,272.0,197.85714285714286
20017,2023-08-15,254.0,202.57142857142858
20017,2023-08-16,293.0,200.14285714285714
20017,2023-08-17,243.0,198.85714285714286
20017,2023-08-18,84.0,200.42857142857142
20017,2023-08-19,9.0,200.57142857142858
20017,2023-08-20,331.0,212.28571428571428
20017,2023-08-21,215.0,204.14285714285714
20017,2023-08-22,253.0,204.0
20017,2023-08-23,232.0,195.28571428571428
20017,2023-08-24,271.0,199.28571428571428
20017,2023-08-25,81.0,198.85714285714286
20017,2023-08-26,11.0,199.14285714285714
20017,2023-08-27,283.0,192.28571428571428
20017,2023-08-28,244.0,196.42857142857142
20017,2023-08-29,242.0,194.85714285714286
20017,2023-08-30,264.0,199.42857142857142
20017,2023-08-31,249.0,196.28571428571428
20017,2023-09-01,85.0,196.85714285714286
20017,2023-09-02,26.0,199.0
20017,2023-09-03,258.0,195.42857142857142
20017,2023-09-04,312.0,205.14285714285714
20017,2023-09-05,255.0,207.0
20017,2023-09-06,293.0,211.14285714285714
20017,2023-09-07,256.0,212.14285714285714
20017,2023-09-08,56.0,208.0
20017,2023-09-09,9.0,205.57142857142858
20017,2023-09-10,316.0,213.85714285714286
20017,2023-09-11,289.0,210.57142857142858
20017,2023-09-12,274.0,213.28571428571428
20017,2023-09-13,273.0,210.42857142857142
20017,2023-09-14,265.0,211.71428571428572
20017,2023-09-15,54.0,211.42857142857142
20017,2023-09-16,0.0,210.14285714285714
20017,2023-09-17,17.0,167.42857142857142
20017,2023-09-18,285.0,166.85714285714286
20017,2023-09-19,281.0,167.85714285714286
20017,2023-09-20,292.0,170.57142857142858
20017,2023-09-21,270.0,171.28571428571428
20017,2023-09-22,89.0,176.28571428571428
20017,2023-09-23,13.0,178.14285714285714
20017,2023-09-24,46.0,182.28571428571428
20017,2023-09-25,5.0,142.28571428571428
20017,2023-09-26,300.0,145.0
20017,2023-09-27,230.0,136.14285714285714
20017,2023-09-28,256.0,134.14285714285714
20017,2023-09-29,76.0,132.28571428571428
20017,2023-09-30,12.0,132.14285714285714
20017,2023-10-01,210.0,155.57142857142858
20017,2023-10-02,230.0,187.71428571428572
20017,2023-10-03,229.0,177.57142857142858
20017,2023-10-04,221.0,176.28571428571428
20017,2023-10-05,179.0,165.28571428571428
20017,2023-10-06,74.0,165.0
20017,2023-10-07,3.0,163.71428571428572
20017,2023-10-08,54.0,141.42857142857142
20017,2023-10-09,79.0,119.85714285714286
20017,2023-10-10,64.0,96.28571428571429
20017,2023-10-11,76.0,75.57142857142857
20017,2023-10-12,87.0,62.42857142857143
20017,2023-10-13,35.0,56.857142857142854
20017,2023-10-14,0.0,56.42857142857143
20017,2023-10-15,67.0,58.285714285714285
20017,2023-10-16,108.0,62.42857142857143
20017,2023-10-17,105.0,68.28571428571429
20017,2023-10-18,89.0,70.14285714285714
20017,2023-10-19,122.0,75.14285714285714
20017,2023-10-20,44.0,76.42857142857143
20017,2023-10-21,11.0,78.0
20017,2023-10-22,137.0,88.0
20017,2023-10-23,142.0,92.85714285714286
20017,2023-10-24,153.0,99.71428571428571
20017,2023-10-25,134.0,106.14285714285714
20017,2023-10-26,131.0,107.42857142857143
20017,2023-10-27,48.0,108.0
20017,2023-10-28,7.0,107.42857142857143
20017,2023-10-29,155.0,110.0
20017,2023-10-30,171.0,114.14285714285714
20017,2023-10-31,164.0,115.71428571428571
20017,2023-11-01,153.0,118.42857142857143
20017,2023-11-02,159.0,122.42857142857143
20017,2023-11-03,48.0,122.42857142857143
20017,2023-11-04,24.0,124.85714285714286
20017,2023-11-05,175.0,127.71428571428571
20017,2023-11-06,174.0,128.14285714285714
20017,2023-11-07,189.0,131.71428571428572
20017,2023-11-08,180.0,135.57142857142858
20017,2023-11-09,173.0,137.57142857142858
20017,2023-11-10,49.0,137.71428571428572
20017,2023-11-11,14.0,136.28571428571428
20017,2023-11-12,209.0,141.14285714285714
20017,2023-11-13,221.0,147.85714285714286
20017,2023-11-14,177.0,146.14285714285714
20017,2023-11-15,187.0,147.14285714285714
20017,2023-11-16,198.0,150.71428571428572
20017,2023-11-17,58.0,152.0
20017,2023-11-18,14.0,152.0
20017,2023-11-19,165.0,145.71428571428572
20017,2023-11-20,202.0,143.0
20017,2023-11-21,202.0,146.57142857142858
20017,2023-11-22,219.0,151.14285714285714
20017,2023-11-23,210.0,152.85714285714286
20017,2023-11-24,51.0,151.85714285714286
20017,2023-11-25,29.0,154.0
20017,2023-11-26,196.0,158.42857142857142
20017,2023-11-27,226.0,161.85714285714286
20017,2023-11-28,222.0,164.71428571428572
20017,2023-11-29,196.0,161.42857142857142
20017,2023-11-30,213.0,161.85714285714286
20017,2023-12-01,103.0,169.28571428571428
20017,2023-12-02,24.0,168.57142857142858
20017,2023-12-03,192.0,168.0
20017,2023-12-04,195.0,163.57142857142858
20017,2023-12-05,242.0,166.42857142857142
20017,2023-12-06,218.0,169.57142857142858
20017,2023-12-07,250.0,174.85714285714286
20017,2023-12-08,67.0,169.71428571428572
20017,2023-12-09,16.0,168.57142857142858
20017,2023-12-10,236.0,174.85714285714286
20017,2023-12-11,231.0,180.0
20017,2023-12-12,242.0,180.0
20017,2023-12-13,217.0,179.85714285714286
20017,2023-12-14,218.0,175.28571428571428
20017,2023-12-15,87.0,178.14285714285714
20017,2023-12-16,17.0,178.28571428571428
20017,2023-12-17,222.0,176.28571428571428
20017,2023-12-18,242.0,177.85714285714286
20017,2023-12-19,233.0,176.57142857142858
20017,2023-12-20,274.0,184.71428571428572
20017,2023-12-21,231.0,186.57142857142858
20017,2023-12-22,74.0,184.71428571428572
20017,2023-12-23,15.0,184.42857142857142
20017,2023-12-24,210.0,182.71428571428572
20017,2023-12-25,156.0,170.42857142857142
20017,2023-12-26,168.0,161.14285714285714
20017,2023-12-27,156.0,144.28571428571428
20017,2023-12-28,26.0,115.0
20017,2023-12-29,0.0,104.42857142857143
20017,2023-12-30,0.0,102.28571428571429
20017,2023-12-31,0.0,72.28571428571429
20095,2023-01-01,35.0,35.0
20095,2023-01-02,0.0,17.5
20095,2023-01-03,0.0,11.666666666666666
20095,2023-01-04,0.0,8.75
20095,2023-01-05,0.0,7.0
20095,2023-01-06,1.0,6.0
20095,2023-01-07,0.0,5.142857142857143
20095,2023-01-08,2.0,0.42857142857142855
20095,2023-01-09,0.0,0.42857142857142855
20095,2023-01-10,0.0,0.42857142857142855
20095,2023-01-11,0.0,0.42857142857142855
20095,2023-01-12,0.0,0.42857142857142855
20095,2023-01-13,8.0,1.4285714285714286
20095,2023-01-14,0.0,1.4285714285714286
20095,2023-01-15,3.0,1.5714285714285714
20095,2023-01-16,0.0,1.5714285714285714
20095,2023-01-17,0.0,1.5714285714285714
20095,2023-01-18,0.0,1.5714285714285714
20095,2023-01-19,0.0,1.5714285714285714
20095,2023-01-20,0.0,0.42857142857142855
20095,2023-01-21,0.0,0.42857142857142855
20095,2023-01-22,2.0,0.2857142857142857
20095,2023-01-23,0.0,0.2857142857142857
20095,2023-01-24,0.0,0.2857142857142857
20095,2023-01-25,0.0,0.2857142857142857
20095,2023-01-26,0.0,0.2857142857142857
20095,2023-01-27,5.0,1.0
20095,2023-01-28,0.0,1.0
20095,2023-01-29,10.0,2.142857142857143
20095,2023-01-30,0.0,2.142857142857143
20095,2023-01-31,0.0,2.142857142857143
20095,2023-02-01,0.0,2.142857142857143
20095,2023-02-02,0.0,2.142857142857143
20095,2023-02-03,0.0,1.4285714285714286
20095,2023-02-04,0.0,1.4285714285714286
20095,2023-02-05,0.0,0.0
20095,2023-02-06,0.0,0.0
20095,2023-02-07,0.0,0.0
20095,2023-02-08,0.0,0.0
20095,2023-02-09,0.0,0.0
20095,2023-02-10,1.0,0.14285714285714285
20095,2023-02-11,0.0,0.14285714285714285
20095,2023-02-12,1.0,0.2857142857142857
20095,2023-02-13,1.0,0.42857142857142855
20095,2023-02-14,1.0,0.5714285714285714
20095,2023-02-15,0.0,0.5714285714285714
20095,2023-02-16,0.0,0.5714285714285714
20095,2023-02-17,2.0,0.7142857142857143
20095,2023-02-18,0.0,0.7142857142857143
20095,2023-02-19,4.0,1.1428571428571428
20095,2023-02-20,0.0,1.0
20095,2023-02-21,0.0,0.8571428571428571
20095,2023-02-22,0.0,0.8571428571428571
20095,2023-02-23,0.0,0.8571428571428571
20095,2023-02-24,0.0,0.5714285714285714
20095,2023-02-25,0.0,0.5714285714285714
20095,2023-02-26,0.0,0.0
20095,2023-02-27,0.0,0.0
20095,2023-02-28,0.0,0.0
20095,2023-03-01,0.0,0.0
20095,2023-03-02,0.0,0.0
20095,2023-03-03,0.0,0.0
20095,2023-03-04,0.0,0.0
20095,2023-03-05,0.0,0.0
20095,2023-03-06,1.0,0.14285714285714285
20095,2023-03-07,0.0,0.14285714285714285
20095,2023-03-08,0.0,0.14285714285714285
20095,2023-03-09,0.0,0.14285714285714285
20095,2023-03-10,0.0,0.14285714285714285
20095,2023-03-11,0.0,0.14285714285714285
20095,2023-03-12,0.0,0.14285714285714285
20095,2023-03-13,0.0,0.0
20095,2023-03-14,0.0,0.0
20095,2023-03-15,0.0,0.0
20095,2023-03-16,0.0,0.0
20095,2023-03-17,0.0,0.0
20095,2023-03-18,0.0,0.0
20095,2023-03-19,0.0,0.0
20095,2023-03-20,0.0,0.0
20095,2023-03-21,0.0,0.0
20095,2023-03-22,0.0,0.0
20095,2023-03-23,0.0,0.0
20095,2023-03-24,1.0,0.14285714285714285
20095,2023-03-25,0.0,0.14285714285714285
20095,2023-03-26,0.0,0.14285714285714285
20095,2023-03-27,0.0,0.14285714285714285
20095,2023-03-28,1.0,0.2857142857142857
20095,2023-03-29,0.0,0.2857142857142857
20095,2023-03-30,0.0,0.2857142857142857
20095,2023-03-31,0.0,0.14285714285714285
20095,2023-04-01,0.0,0.14285714285714285
20095,2023-04-02,0.0,0.14285714285714285
20095,2023-04-03,0.0,0.14285714285714285
20095,2023-04-04,0.0,0.0
20095,2023-04-05,0.0,0.0
20095,2023-04-06,0.0,0.0
20095,2023-04-07,0.0,0.0
20095,2023-04-08,0.0,0.0
20095,2023-04-09,0.0,0.0
20095,2023-04-10,0.0,0.0
20095,2023-04-11,0.0,0.0
20095,2023-04-12,0.0,0.0
20095,2023-04-13,0.0,0.0
20095,2023-04-14,0.0,0.0
20095,2023-04-15,0.0,0.0
20095,2023-04-16,1.0,0.14285714285714285
20095,2023-04-17,0.0,0.14285714285714285
20095,2023-04-18,0.0,0.14285714285714285
20095,2023-04-19,0.0,0.14285714285714285
20095,2023-04-20,0.0,0.14285714285714285
20095,2023-04-21,0.0,0.14285714285714285
20095,2023-04-22,0.0,0.14285714285714285
20095,2023-04-23,0.0,0.0
20095,2023-04-24,0.0,0.0
20095,2023-04-25,0.0,0.0
20095,2023-04-26,0.0,0.0
20095,2023-04-27,0.0,0.0
20095,2023-04-28,0.0,0.0
20095,2023-04-29,0.0,0.0
20095,2023-04-30,1.0,0.14285714285714285
20095,2023-07-01,0.0,0.14285714285714285
20095,2023-07-02,0.0,0.14285714285714285
20095,2023-07-03,0.0,0.14285714285714285
20095,2023-07-04,0.0,0.14285714285714285
20095,2023-07-05,0.0,0.14285714285714285
20095,2023-07-06,0.0,0.14285714285714285
20095,2023-07-07,0.0,0.0
20095,2023-07-08,0.0,0.0
20095,2023-07-09,0.0,0.0
20095,2023-07-10,0.0,0.0
20095,2023-07-11,18.0,2.5714285714285716
20095,2023-07-12,15.0,4.714285714285714
20095,2023-07-13,20.0,7.571428571428571
20095,2023-07-14,22.0,10.714285714285714
20095,2023-07-15,0.0,10.714285714285714
20095,2023-07-16,0.0,10.714285714285714
20095,2023-07-17,0.0,10.714285714285714
20095,2023-07-18,0.0,8.142857142857142
20095,2023-07-19,0.0,6.0
20095,2023-07-20,0.0,3.142857142857143
20095,2023-07-21,0.0,0.0
20095,2023-07-22,0.0,0.0
20095,2023-07-23,61.0,8.714285714285714
20095,2023-07-24,56.0,16.714285714285715
20095,2023-07-25,37.0,22.0
20095,2023-07-26,36.0,27.142857142857142
20095,2023-07-27,46.0,33.714285714285715
20095,2023-07-28,39.0,39.285714285714285
20095,2023-07-29,4.0,39.857142857142854
20095,2023-07-30,44.0,37.42857142857143
20095,2023-07-31,62.0,38.285714285714285
20095,2023-08-01,90.0,45.857142857142854
20095,2023-08-02,104.0,55.57142857142857
20095,2023-08-03,119.0,66.0
20095,2023-08-04,50.0,67.57142857142857
20095,2023-08-05,6.0,67.85714285714286
20095,2023-08-06,78.0,72.71428571428571
20095,2023-08-07,117.0,80.57142857142857
20095,2023-08-08,84.0,79.71428571428571
20095,2023-08-09,122.0,82.28571428571429
20095,2023-08-10,128.0,83.57142857142857
20095,2023-08-11,53.0,84.0
20095,2023-08-12,12.0,84.85714285714286
20095,2023-08-13,95.0,87.28571428571429
20095,2023-08-14,127.0,88.71428571428571
20095,2023-08-15,133.0,95.71428571428571
20095,2023-08-16,145.0,99.0
20095,2023-08-17,207.0,110.28571428571429
20095,2023-08-18,130.0,121.28571428571429
20095,2023-08-19,16.0,121.85714285714286
20095,2023-08-20,178.0,133.71428571428572
20095,2023-08-21,207.0,145.14285714285714
20095,2023-08-22,239.0,160.28571428571428
20095,2023-08-23,214.0,170.14285714285714
20095,2023-08-24,260.0,177.71428571428572
20095,2023-08-25,165.0,182.71428571428572
20095,2023-08-26,8.0,181.57142857142858
20095,2023-08-27,229.0,188.85714285714286
20095,2023-08-28,191.0,186.57142857142858
20095,2023-08-29,193.0,180.0
20095,2023-08-30,200.0,178.0
20095,2023-08-31,193.0,168.42857142857142
20095,2023-09-01,97.0,158.71428571428572
20095,2023-09-02,11.0,159.14285714285714
20095,2023-09-03,183.0,152.57142857142858
20095,2023-09-04,183.0,151.42857142857142
20095,2023-09-05,185.0,150.28571428571428
20095,2023-09-06,193.0,149.28571428571428
20095,2023-09-07,175.0,146.71428571428572
20095,2023-09-08,119.0,149.85714285714286
20095,2023-09-09,14.0,150.28571428571428
20095,2023-09-10,152.0,145.85714285714286
20095,2023-09-11,190.0,146.85714285714286
20095,2023-09-12,152.0,142.14285714285714
20095,2023-09-13,159.0,137.28571428571428
20095,2023-09-14,157.0,134.71428571428572
20095,2023-09-15,62.0,126.57142857142857
20095,2023-09-16,0.0,124.57142857142857
20095,2023-09-17,12.0,104.57142857142857
20095,2023-09-18,168.0,101.42857142857143
20095,2023-09-19,177.0,105.0
20095,2023-09-20,193.0,109.85714285714286
20095,2023-09-21,222.0,119.14285714285714
20095,2023-09-22,103.0,125.0
20095,2023-09-23,19.0,127.71428571428571
20095,2023-09-24,64.0,135.14285714285714
20095,2023-09-25,7.0,112.14285714285714
20095,2023-09-26,214.0,117.42857142857143
20095,2023-09-27,209.0,119.71428571428571
20095,2023-09-28,245.0,123.0
20095,2023-09-29,127.0,126.42857142857143
20095,2023-09-30,13.0,125.57142857142857
20095,2023-10-01,259.0,153.42857142857142
20095,2023-10-02,226.0,184.71428571428572
20095,2023-10-03,316.0,199.28571428571428
20095,2023-10-04,255.0,205.85714285714286
20095,2023-10-05,280.0,210.85714285714286
20095,2023-10-06,126.0,210.71428571428572
20095,2023-10-07,2.0,209.14285714285714
20095,2023-10-08,32.0,176.71428571428572
20095,2023-10-09,40.0,150.14285714285714
20095,2023-10-10,50.0,112.14285714285714
20095,2023-10-11,55.0,83.57142857142857
20095,2023-10-12,48.0,50.42857142857143
20095,2023-10-13,28.0,36.42857142857143
20095,2023-10-14,2.0,36.42857142857143
20095,2023-10-15,22.0,35.0
20095,2023-10-16,53.0,36.857142857142854
20095,2023-10-17,57.0,37.857142857142854
20095,2023-10-18,23.0,33.285714285714285
20095,2023-10-19,65.0,35.714285714285715
20095,2023-10-20,25.0,35.285714285714285
20095,2023-10-21,6.0,35.857142857142854
20095,2023-10-22,74.0,43.285714285714285
20095,2023-10-23,61.0,44.42857142857143
20095,2023-10-24,74.0,46.857142857142854
20095,2023-10-25,77.0,54.57142857142857
20095,2023-10-26,87.0,57.714285714285715
20095,2023-10-27,60.0,62.714285714285715
20095,2023-10-28,1.0,62.0
20095,2023-10-29,62.0,60.285714285714285
20095,2023-10-30,96.0,65.28571428571429
20095,2023-10-31,89.0,67.42857142857143
20095,2023-11-01,106.0,71.57142857142857
20095,2023-11-02,101.0,73.57142857142857
20095,2023-11-03,48.0,71.85714285714286
20095,2023-11-04,10.0,73.14285714285714
20095,2023-11-05,86.0,76.57142857142857
20095,2023-11-06,106.0,78.0
20095,2023-11-07,96.0,79.0
20095,2023-11-08,111.0,79.71428571428571
20095,2023-11-09,139.0,85.14285714285714
20095,2023-11-10,61.0,87.0
20095,2023-11-11,12.0,87.28571428571429
20095,2023-11-12,110.0,90.71428571428571
20095,2023-11-13,150.0,97.0
20095,2023-11-14,125.0,101.14285714285714
20095,2023-11-15,162.0,108.42857142857143
20095,2023-11-16,159.0,111.28571428571429
20095,2023-11-17,81.0,114.14285714285714
20095,2023-11-18,12.0,114.14285714285714
20095,2023-11-19,93.0,111.71428571428571
20095,2023-11-20,142.0,110.57142857142857
20095,2023-11-21,149.0,114.0
20095,2023-11-22,157.0,113.28571428571429
20095,2023-11-23,166.0,114.28571428571429
20095,2023-11-24,98.0,116.71428571428571
20095,2023-11-25,28.0,119.0
20095,2023-11-26,135.0,125.0
20095,2023-11-27,166.0,128.42857142857142
20095,2023-11-28,149.0,128.42857142857142
20095,2023-11-29,162.0,129.14285714285714
20095,2023-11-30,187.0,132.14285714285714
20095,2023-12-01,88.0,130.71428571428572
20095,2023-12-02,17.0,129.14285714285714
20095,2023-12-03,159.0,132.57142857142858
20095,2023-12-04,199.0,137.28571428571428
20095,2023-12-05,153.0,137.85714285714286
20095,2023-12-06,149.0,136.0
20095,2023-12-07,151.0,130.85714285714286
20095,2023-12-08,115.0,134.71428571428572
20095,2023-12-09,20.0,135.14285714285714
20095,2023-12-10,185.0,138.85714285714286
20095,2023-12-11,177.0,135.71428571428572
20095,2023-12-12,192.0,141.28571428571428
20095,2023-12-13,174.0,144.85714285714286
20095,2023-12-14,177.0,148.57142857142858
20095,2023-12-15,96.0,145.85714285714286
20095,2023-12-16,25.0,146.57142857142858
20095,2023-12-17,177.0,145.42857142857142
20095,2023-12-18,183.0,146.28571428571428
20095,2023-12-19,157.0,141.28571428571428
20095,2023-12-20,185.0,142.85714285714286
20095,2023-12-21,226.0,149.85714285714286
20095,2023-12-22,128.0,154.42857142857142
20095,2023-12-23,26.0,154.57142857142858
20095,2023-12-24,158.0,151.85714285714286
20095,2023-12-25,121.0,143.0
20095,2023-12-26,116.0,137.14285714285714
20095,2023-12-27,114.0,127.0
20095,2023-12-28,0.0,94.71428571428571
20095,2023-12-29,0.0,76.42857142857143
20095,2023-12-30,0.0,72.71428571428571
20095,2023-12-31,0.0,50.142857142857146
20001,2023-01-01,1921.0,1921.0
20001,2023-01-02,1881.0,1901.0
20001,2023-01-03,1722.0,1841.3333333333333
20001,2023-01-04,1883.0,1851.75
20001,2023-01-05,2180.0,1917.4
20001,2023-01-06,1388.0,1829.1666666666667
20001,2023-01-07,470.0,1635.0
20001,2023-01-08,1702.0,1603.7142857142858
20001,2023-01-09,1580.0,1560.7142857142858
20001,2023-01-10,1736.0,1562.7142857142858
20001,2023-01-11,1813.0,1552.7142857142858
20001,2023-01-12,2039.0,1532.5714285714287
20001,2023-01-13,1134.0,1496.2857142857142
20001,2023-01-14,450.0,1493.4285714285713
20001,2023-01-15,1985.0,1533.857142857143
20001,2023-01-16,1724.0,1554.4285714285713
20001,2023-01-17,1791.0,1562.2857142857142
20001,2023-01-18,2171.0,1613.4285714285713
20001,2023-01-19,2174.0,1632.7142857142858
20001,2023-01-20,1167.0,1637.4285714285713
20001,2023-01-21,191.0,1600.4285714285713
20001,2023-01-22,2213.0,1633.0
20001,2023-01-23,1863.0,1652.857142857143
20001,2023-01-24,1739.0,1645.4285714285713
20001,2023-01-25,1892.0,1605.5714285714287
20001,2023-01-26,2105.0,1595.7142857142858
20001,2023-01-27,1095.0,1585.4285714285713
20001,2023-01-28,111.0,1574.0
20001,2023-01-29,2142.0,1563.857142857143
20001,2023-01-30,1761.0,1549.2857142857142
20001,2023-01-31,1679.0,1540.7142857142858
20001,2023-02-01,1792.0,1526.4285714285713
20001,2023-02-02,2207.0,1541.0
20001,2023-02-03,1115.0,1543.857142857143
20001,2023-02-04,125.0,1545.857142857143
20001,2023-02-05,2066.0,1535.0
20001,2023-02-06,1609.0,1513.2857142857142
20001,2023-02-07,1308.0,1460.2857142857142
20001,2023-02-08,1583.0,1430.4285714285713
20001,2023-02-09,1909.0,1387.857142857143
20001,2023-02-10,1118.0,1388.2857142857142
20001,2023-02-11,120.0,1387.5714285714287
20001,2023-02-12,1976.0,1374.7142857142858
20001,2023-02-13,1703.0,1388.142857142857
20001,2023-02-14,1870.0,1468.4285714285713
20001,2023-02-15,1798.0,1499.142857142857
20001,2023-02-16,2062.0,1521.0
20001,2023-02-17,1208.0,1533.857142857143
20001,2023-02-18,142.0,1537.0
20001,2023-02-19,2126.0,1558.4285714285713
20001,2023-02-20,1851.0,1579.5714285714287
20001,2023-02-21,1833.0,1574.2857142857142
20001,2023-02-22,2041.0,1609.0
20001,2023-02-23,2082.0,1611.857142857143
20001,2023-02-24,1117.0,1598.857142857143
20001,2023-02-25,210.0,1608.5714285714287
20001,2023-02-26,2364.0,1642.5714285714287
20001,2023-02-27,1823.0,1638.5714285714287
20001,2023-02-28,1779.0,1630.857142857143
20001,2023-03-01,2120.0,1642.142857142857
20001,2023-03-02,1997.0,1630.0
20001,2023-03-03,1027.0,1617.142857142857
20001,2023-03-04,117.0,1603.857142857143
20001,2023-03-05,2122.0,1569.2857142857142
20001,2023-03-06,1754.0,1559.4285714285713
20001,2023-03-07,1403.0,1505.7142857142858
20001,2023-03-08,1782.0,1457.4285714285713
20001,2023-03-09,1914.0,1445.5714285714287
20001,2023-03-10,1230.0,1474.5714285714287
20001,2023-03-11,164.0,1481.2857142857142
20001,2023-03-12,2175.0,1488.857142857143
20001,2023-03-13,1978.0,1520.857142857143
20001,2023-03-14,1770.0,1573.2857142857142
20001,2023-03-15,1829.0,1580.0
20001,2023-03-16,1700.0,1549.4285714285713
20001,2023-03-17,1292.0,1558.2857142857142
20001,2023-03-18,116.0,1551.4285714285713
20001,2023-03-19,2399.0,1583.4285714285713
20001,2023-03-20,1744.0,1550.0
20001,2023-03-21,1760.0,1548.5714285714287
20001,2023-03-22,1961.0,1567.4285714285713
20001,2023-03-23,1251.0,1503.2857142857142
20001,2023-03-24,1645.0,1553.7142857142858
20001,2023-03-25,147.0,1558.142857142857
20001,2023-03-26,2253.0,1537.2857142857142
20001,2023-03-27,1230.0,1463.857142857143
20001,2023-03-28,1752.0,1462.7142857142858
20001,2023-03-29,2105.0,1483.2857142857142
20001,2023-03-30,2075.0,1601.0
20001,2023-03-31,1108.0,1524.2857142857142
20001,2023-04-01,50.0,1510.4285714285713
20001,2023-04-02,2064.0,1483.4285714285713
20001,2023-04-03,1878.0,1576.0
20001,2023-04-04,1817.0,1585.2857142857142
20001,2023-04-05,1202.0,1456.2857142857142
20001,2023-04-06,166.0,1183.5714285714287
20001,2023-04-07,872.0,1149.857142857143
20001,2023-04-08,97.0,1156.5714285714287
20001,2023-04-09,1589.0,1088.7142857142858
20001,2023-04-10,1367.0,1015.7142857142857
20001,2023-04-11,965.0,894.0
20001,2023-04-12,228.0,754.8571428571429
20001,2023-04-13,1656.0,967.7142857142857
20001,2023-04-14,1157.0,1008.4285714285714
20001,2023-04-15,127.0,1012.7142857142857
20001,2023-04-16,2413.0,1130.4285714285713
20001,2023-04-17,1983.0,1218.4285714285713
20001,2023-04-18,2042.0,1372.2857142857142
20001,2023-04-19,2134.0,1644.5714285714287
20001,2023-04-20,2120.0,1710.857142857143
20001,2023-04-21,1202.0,1717.2857142857142
20001,2023-04-22,129.0,1717.5714285714287
20001,2023-04-23,2022.0,1661.7142857142858
20001,2023-04-24,1777.0,1632.2857142857142
20001,2023-04-25,1218.0,1514.5714285714287
20001,2023-04-26,320.0,1255.4285714285713
20001,2023-04-27,2341.0,1287.0
20001,2023-04-28,1400.0,1315.2857142857142
20001,2023-04-29,151.0,1318.4285714285713
20001,2023-04-30,2442.0,1378.4285714285713
20001,2023-05-01,2162.0,1433.4285714285713
20001,2023-05-02,1937.0,1536.142857142857
20001,2023-05-03,2297.0,1818.5714285714287
20001,2023-05-04,1938.0,1761.0
20001,2023-05-05,1716.0,1806.142857142857
20001,2023-05-06,75.0,1795.2857142857142
20001,2023-05-07,2234.0,1765.5714285714287
20001,2023-05-08,2040.0,1748.142857142857
20001,2023-05-09,2039.0,1762.7142857142858
20001,2023-05-10,1956.0,1714.0
20001,2023-05-11,1880.0,1705.7142857142858
20001,2023-05-12,1151.0,1625.0
20001,2023-05-13,180.0,1640.0
20001,2023-05-14,2336.0,1654.5714285714287
20001,2023-05-15,1820.0,1623.142857142857
20001,2023-05-16,2203.0,1646.5714285714287
20001,2023-05-17,2332.0,1700.2857142857142
20001,2023-05-18,2632.0,1807.7142857142858
20001,2023-05-19,1354.0,1836.7142857142858
20001,2023-05-20,162.0,1834.142857142857
20001,2023-05-21,2605.0,1872.5714285714287
20001,2023-05-22,2691.0,1997.0
20001,2023-05-23,2351.0,2018.142857142857
20001,2023-05-24,2266.0,2008.7142857142858
20001,2023-05-25,1264.0,1813.2857142857142
20001,2023-05-26,0.0,1619.857142857143
20001,2023-05-27,104.0,1611.5714285714287
20001,2023-05-28,2227.0,1557.5714285714287
20001,2023-05-29,2126.0,1476.857142857143
20001,2023-05-30,1802.0,1398.4285714285713
20001,2023-05-31,1789.0,1330.2857142857142
20001,2023-06-01,1985.0,1433.2857142857142
20001,2023-06-02,1265.0,1614.0
20001,2023-06-03,123.0,1616.7142857142858
20001,2023-06-04,2483.0,1653.2857142857142
20001,2023-06-05,2067.0,1644.857142857143
20001,2023-06-06,2236.0,1706.857142857143
20001,2023-06-07,2179.0,1762.5714285714287
20001,2023-06-08,2561.0,1844.857142857143
20001,2023-06-09,1033.0,1811.7142857142858
20001,2023-06-10,97.0,1808.0
20001,2023-06-11,2201.0,1767.7142857142858
20001,2023-06-12,2111.0,1774.0
20001,2023-06-13,2130.0,1758.857142857143
20001,2023-06-14,2070.0,1743.2857142857142
20001,2023-06-15,2229.0,1695.857142857143
20001,2023-06-16,1389.0,1746.7142857142858
20001,2023-06-17,170.0,1757.142857142857
20001,2023-06-18,2018.0,1731.0
20001,2023-06-19,1777.0,1683.2857142857142
20001,2023-06-20,1791.0,1634.857142857143
20001,2023-06-21,2003.0,1625.2857142857142
20001,2023-06-22,1987.0,1590.7142857142858
20001,2023-06-23,1138.0,1554.857142857143
20001,2023-06-24,146.0,1551.4285714285713
20001,2023-06-25,2106.0,1564.0
20001,2023-06-26,1777.0,1564.0
20001,2023-06-27,1750.0,1558.142857142857
20001,2023-06-28,1241.0,1449.2857142857142
20001,2023-06-29,1497.0,1379.2857142857142
20001,2023-06-30,935.0,1350.2857142857142
20001,2023-07-01,102.0,1344.0
20001,2023-07-02,1412.0,1244.857142857143
20001,2023-07-03,1844.0,1254.4285714285713
20001,2023-07-04,1774.0,1257.857142857143
20001,2023-07-05,1768.0,1333.142857142857
20001,2023-07-06,1844.0,1382.7142857142858
20001,2023-07-07,1158.0,1414.5714285714287
20001,2023-07-08,95.0,1413.5714285714287
20001,2023-07-09,2116.0,1514.142857142857
20001,2023-07-10,1739.0,1499.142857142857
20001,2023-07-11,1080.0,1400.0
20001,2023-07-12,1753.0,1397.857142857143
20001,2023-07-13,1881.0,1403.142857142857
20001,2023-07-14,1195.0,1408.4285714285713
20001,2023-07-15,81.0,1406.4285714285713
20001,2023-07-16,2002.0,1390.142857142857
20001,2023-07-17,2203.0,1456.4285714285713
20001,2023-07-18,1513.0,1518.2857142857142
20001,2023-07-19,1909.0,1540.5714285714287
20001,2023-07-20,1906.0,1544.142857142857
20001,2023-07-21,1148.0,1537.4285714285713
20001,2023-07-22,65.0,1535.142857142857
20001,2023-07-23,2362.0,1586.5714285714287
20001,2023-07-24,2135.0,1576.857142857143
20001,2023-07-25,1758.0,1611.857142857143
20001,2023-07-26,1750.0,1589.142857142857
20001,2023-07-27,1766.0,1569.142857142857
20001,2023-07-28,1357.0,1599.0
20001,2023-07-29,99.0,1603.857142857143
20001,2023-07-30,2165.0,1575.7142857142858
20001,2023-07-31,1983.0,1554.0
20001,2023-08-01,1923.0,1577.5714285714287
20001,2023-08-02,1869.0,1594.5714285714287
20001,2023-08-03,2054.0,1635.7142857142858
20001,2023-08-04,1047.0,1591.4285714285713
20001,2023-08-05,122.0,1594.7142857142858
20001,2023-08-06,2081.0,1582.7142857142858
20001,2023-08-07,1912.0,1572.5714285714287
20001,2023-08-08,1898.0,1569.0
20001,2023-08-09,2082.0,1599.4285714285713
20001,2023-08-10,2328.0,1638.5714285714287
20001,2023-08-11,1327.0,1678.5714285714287
20001,2023-08-12,89.0,1673.857142857143
20001,2023-08-13,1997.0,1661.857142857143
20001,2023-08-14,1505.0,1603.7142857142858
20001,2023-08-15,1617.0,1563.5714285714287
20001,2023-08-16,1898.0,1537.2857142857142
20001,2023-08-17,2017.0,1492.857142857143
20001,2023-08-18,941.0,1437.7142857142858
20001,2023-08-19,64.0,1434.142857142857
20001,2023-08-20,2171.0,1459.0
20001,2023-08-21,1756.0,1494.857142857143
20001,2023-08-22,1842.0,1527.0
20001,2023-08-23,1528.0,1474.142857142857
20001,2023-08-24,1816.0,1445.4285714285713
20001,2023-08-25,1066.0,1463.2857142857142
20001,2023-08-26,103.0,1468.857142857143
20001,2023-08-27,1882.0,1427.5714285714287
20001,2023-08-28,1848.0,1440.7142857142858
20001,2023-08-29,1763.0,1429.4285714285713
20001,2023-08-30,1689.0,1452.4285714285713
20001,2023-08-31,1926.0,1468.142857142857
20001,2023-09-01,1369.0,1511.4285714285713
20001,2023-09-02,51.0,1504.0
20001,2023-09-03,1990.0,1519.4285714285713
20001,2023-09-04,1711.0,1499.857142857143
20001,2023-09-05,1766.0,1500.2857142857142
20001,2023-09-06,1749.0,1508.857142857143
20001,2023-09-07,2098.0,1533.4285714285713
20001,2023-09-08,851.0,1459.4285714285713
20001,2023-09-09,68.0,1461.857142857143
20001,2023-09-10,1988.0,1461.5714285714287
20001,2023-09-11,1781.0,1471.5714285714287
20001,2023-09-12,1729.0,1466.2857142857142
20001,2023-09-13,1693.0,1458.2857142857142
20001,2023-09-14,2267.0,1482.4285714285713
20001,2023-09-15,1005.0,1504.4285714285713
20001,2023-09-16,0.0,1494.7142857142858
20001,2023-09-17,206.0,1240.142857142857
20001,2023-09-18,1968.0,1266.857142857143
20001,2023-09-19,1727.0,1266.5714285714287
20001,2023-09-20,1781.0,1279.142857142857
20001,2023-09-21,2000.0,1241.0
20001,2023-09-22,1075.0,1251.0
20001,2023-09-23,142.0,1271.2857142857142
20001,2023-09-24,634.0,1332.4285714285713
20001,2023-09-25,133.0,1070.2857142857142
20001,2023-09-26,2190.0,1136.4285714285713
20001,2023-09-27,1894.0,1152.5714285714287
20001,2023-09-28,1936.0,1143.4285714285713
20001,2023-09-29,850.0,1111.2857142857142
20001,2023-09-30,84.0,1103.0
20001,2023-10-01,1645.0,1247.4285714285713
20001,2023-10-02,1925.0,1503.4285714285713
20001,2023-10-03,1520.0,1407.7142857142858
20001,2023-10-04,1691.0,1378.7142857142858
20001,2023-10-05,1667.0,1340.2857142857142
20001,2023-10-06,733.0,1323.5714285714287
20001,2023-10-07,14.0,1313.5714285714287
20001,2023-10-08,473.0,1146.142857142857
20001,2023-10-09,452.0,935.7142857142857
20001,2023-10-10,394.0,774.8571428571429
20001,2023-10-11,448.0,597.2857142857143
20001,2023-10-12,500.0,430.57142857142856
20001,2023-10-13,272.0,364.7142857142857
20001,2023-10-14,42.0,368.7142857142857
20001,2023-10-15,898.0,429.42857142857144
20001,2023-10-16,628.0,454.57142857142856
20001,2023-10-17,717.0,500.7142857142857
20001,2023-10-18,827.0,554.8571428571429
20001,2023-10-19,755.0,591.2857142857143
20001,2023-10-20,361.0,604.0
20001,2023-10-21,89.0,610.7142857142857
20001,2023-10-22,1094.0,638.7142857142857
20001,2023-10-23,1047.0,698.5714285714286
20001,2023-10-24,1079.0,750.2857142857143
20001,2023-10-25,1100.0,789.2857142857143
20001,2023-10-26,1069.0,834.1428571428571
20001,2023-10-27,487.0,852.1428571428571
20001,2023-10-28,105.0,854.4285714285714
20001,2023-10-29,1283.0,881.4285714285714
20001,2023-10-30,1113.0,890.8571428571429
20001,2023-10-31,1247.0,914.8571428571429
20001,2023-11-01,1260.0,937.7142857142857
20001,2023-11-02,1150.0,949.2857142857143
20001,2023-11-03,492.0,950.0
20001,2023-11-04,96.0,948.7142857142857
20001,2023-11-05,1372.0,961.4285714285714
20001,2023-11-06,1113.0,961.4285714285714
20001,2023-11-07,1119.0,943.1428571428571
20001,2023-11-08,1199.0,934.4285714285714
20001,2023-11-09,1278.0,952.7142857142857
20001,2023-11-10,629.0,972.2857142857143
20001,2023-11-11,179.0,984.1428571428571
20001,2023-11-12,2016.0,1076.142857142857
20001,2023-11-13,1284.0,1100.5714285714287
20001,2023-11-14,1397.0,1140.2857142857142
20001,2023-11-15,1240.0,1146.142857142857
20001,2023-11-16,1360.0,1157.857142857143
20001,2023-11-17,568.0,1149.142857142857
20001,2023-11-18,172.0,1148.142857142857
20001,2023-11-19,1540.0,1080.142857142857
20001,2023-11-20,1055.0,1047.4285714285713
20001,2023-11-21,1204.0,1019.8571428571429
20001,2023-11-22,1065.0,994.8571428571429
20001,2023-11-23,1362.0,995.1428571428571
20001,2023-11-24,731.0,1018.4285714285714
20001,2023-11-25,161.0,1016.8571428571429
20001,2023-11-26,1888.0,1066.5714285714287
20001,2023-11-27,1329.0,1105.7142857142858
20001,2023-11-28,1367.0,1129.0
20001,2023-11-29,1364.0,1171.7142857142858
20001,2023-11-30,1374.0,1173.4285714285713
20001,2023-12-01,685.0,1166.857142857143
20001,2023-12-02,206.0,1173.2857142857142
20001,2023-12-03,2113.0,1205.4285714285713
20001,2023-12-04,1366.0,1210.7142857142858
20001,2023-12-05,1172.0,1182.857142857143
20001,2023-12-06,1244.0,1165.7142857142858
20001,2023-12-07,1211.0,1142.4285714285713
20001,2023-12-08,805.0,1159.5714285714287
20001,2023-12-09,207.0,1159.7142857142858
20001,2023-12-10,1852.0,1122.4285714285713
20001,2023-12-11,2200.0,1241.5714285714287
20001,2023-12-12,1647.0,1309.4285714285713
20001,2023-12-13,1780.0,1386.0
20001,2023-12-14,1764.0,1465.0
20001,2023-12-15,741.0,1455.857142857143
20001,2023-12-16,221.0,1457.857142857143
20001,2023-12-17,1700.0,1436.142857142857
20001,2023-12-18,1533.0,1340.857142857143
20001,2023-12-19,1399.0,1305.4285714285713
20001,2023-12-20,1440.0,1256.857142857143
20001,2023-12-21,1476.0,1215.7142857142858
20001,2023-12-22,1145.0,1273.4285714285713
20001,2023-12-23,231.0,1274.857142857143
20001,2023-12-24,1410.0,1233.4285714285713
20001,2023-12-25,978.0,1154.142857142857
20001,2023-12-26,948.0,1089.7142857142858
20001,2023-12-27,669.0,979.5714285714286
20001,2023-12-28,79.0,780.0
20001,2023-12-29,0.0,616.4285714285714
20001,2023-12-30,0.0,583.4285714285714
20001,2023-12-31,0.0,382.0
20009,2023-01-01,0.0,0.0
20009,2023-01-02,0.0,0.0
20009,2023-01-03,0.0,0.0
20009,2023-01-04,0.0,0.0
20009,2023-01-05,0.0,0.0
20009,2023-01-06,0.0,0.0
20009,2023-01-07,0.0,0.0
20009,2023-01-08,0.0,0.0
20009,2023-01-09,0.0,0.0
20009,2023-01-10,0.0,0.0
20009,2023-01-11,0.0,0.0
20009,2023-01-12,0.0,0.0
20009,2023-01-13,0.0,0.0
20009,2023-01-14,0.0,0.0
20009,2023-01-15,0.0,0.0
20009,2023-01-16,0.0,0.0
20009,2023-01-17,0.0,0.0
20009,2023-01-18,0.0,0.0
20009,2023-01-19,0.0,0.0
20009,2023-01-20,0.0,0.0
20009,2023-01-21,0.0,0.0
20009,2023-01-22,0.0,0.0
20009,2023-01-23,0.0,0.0
20009,2023-01-24,1.0,0.14285714285714285
20009,2023-01-25,0.0,0.14285714285714285
20009,2023-01-26,0.0,0.14285714285714285
20009,2023-01-27,0.0,0.14285714285714285
20009,2023-01-28,0.0,0.14285714285714285
20009,2023-01-29,0.0,0.14285714285714285
20009,2023-01-30,0.0,0.14285714285714285
20009,2023-01-31,0.0,0.0
20009,2023-05-01,1.0,0.14285714285714285
20009,2023-05-02,0.0,0.14285714285714285
20009,2023-05-03,0.0,0.14285714285714285
20009,2023-05-04,0.0,0.14285714285714285
20009,2023-05-05,0.0,0.14285714285714285
20009,2023-05-06,0.0,0.14285714285714285
20009,2023-05-07,0.0,0.14285714285714285
20009,2023-05-08,0.0,0.0
20009,2023-05-09,0.0,0.0
20009,2023-05-10,0.0,0.0
20009,2023-05-11,0.0,0.0
20009,2023-05-12,0.0,0.0
20009,2023-05-13,0.0,0.0
20009,2023-05-14,0.0,0.0
20009,2023-05-15,0.0,0.0
20009,2023-05-16,0.0,0.0
20009,2023-05-17,0.0,0.0
20009,2023-05-18,0.0,0.0
20009,2023-05-19,0.0,0.0
20009,2023-05-20,0.0,0.0
20009,2023-05-21,0.0,0.0
20009,2023-05-22,0.0,0.0
20009,2023-05-23,0.0,0.0
20009,2023-05-24,0.0,0.0
20009,2023-05-25,0.0,0.0
20009,2023-05-26,0.0,0.0
20009,2023-05-27,0.0,0.0
20009,2023-05-28,0.0,0.0
20009,2023-05-29,0.0,0.0
20009,2023-05-30,0.0,0.0
20009,2023-05-31,0.0,0.0
